{
  "manifest": {
    "name": "yargs",
    "version": "14.2.3",
    "description": "yargs the modern, pirate-themed, successor to optimist.",
    "main": "./index.js",
    "contributors": [
      {
        "name": "Yargs Contributors",
        "url": "https://github.com/yargs/yargs/graphs/contributors"
      }
    ],
    "files": [
      "index.js",
      "yargs.js",
      "lib",
      "locales",
      "completion.sh.hbs",
      "completion.zsh.hbs",
      "LICENSE"
    ],
    "dependencies": {
      "cliui": "^5.0.0",
      "decamelize": "^1.2.0",
      "find-up": "^3.0.0",
      "get-caller-file": "^2.0.1",
      "require-directory": "^2.1.1",
      "require-main-filename": "^2.0.0",
      "set-blocking": "^2.0.0",
      "string-width": "^3.0.0",
      "which-module": "^2.0.0",
      "y18n": "^4.0.0",
      "yargs-parser": "^15.0.1"
    },
    "devDependencies": {
      "chai": "^4.2.0",
      "chalk": "^2.4.2",
      "coveralls": "^3.0.3",
      "cpr": "^3.0.1",
      "cross-spawn": "^6.0.4",
      "es6-promise": "^4.2.5",
      "hashish": "0.0.4",
      "mocha": "^5.2.0",
      "nyc": "^14.1.0",
      "rimraf": "^2.6.3",
      "standard": "^12.0.1",
      "standard-version": "^7.0.0",
      "which": "^1.3.1",
      "yargs-test-extends": "^1.0.1"
    },
    "scripts": {
      "pretest": "standard",
      "test": "nyc --cache mocha --require ./test/before.js --timeout=12000 --check-leaks",
      "coverage": "nyc report --reporter=text-lcov | coveralls",
      "release": "standard-version"
    },
    "repository": {
      "type": "git",
      "url": "https://github.com/yargs/yargs.git"
    },
    "homepage": "https://yargs.js.org/",
    "standard": {
      "ignore": [
        "**/example/**"
      ]
    },
    "keywords": [
      "argument",
      "args",
      "option",
      "parser",
      "parsing",
      "cli",
      "command"
    ],
    "license": "MIT",
    "engine": {
      "node": ">=6"
    },
    "_registry": "npm",
    "_loc": "/Users/akshaynr/.hyper_plugins/cache/v1/npm-yargs-14.2.3-1a1c3edced1afb2a2fea33604bc6d1d8d688a414/package.json",
    "readmeFilename": "README.md",
    "readme": "<p align=\"center\">\n  <img width=\"250\" src=\"/yargs-logo.png\">\n</p>\n<h1 align=\"center\"> Yargs </h1>\n<p align=\"center\">\n  <b >Yargs be a node.js library fer hearties tryin' ter parse optstrings</b>\n</p>\n\n<br>\n\n[![Build Status][travis-image]][travis-url]\n[![Coverage Status][coveralls-image]][coveralls-url]\n[![NPM version][npm-image]][npm-url]\n[![js-standard-style][standard-image]][standard-url]\n[![Conventional Commits][conventional-commits-image]][conventional-commits-url]\n[![Slack][slack-image]][slack-url]\n\n## Description :\nYargs helps you build interactive command line tools, by parsing arguments and generating an elegant user interface.\n\nIt gives you:\n\n* commands and (grouped) options (`my-program.js serve --port=5000`).\n* a dynamically generated help menu based on your arguments.\n\n> <img width=\"400\" src=\"/screen.png\">\n\n* bash-completion shortcuts for commands and options.\n* and [tons more](/docs/api.md).\n\n## Installation\n\nStable version:\n```bash\nnpm i yargs\n```\n\nBleeding edge version with the most recent features:\n```bash\nnpm i yargs@next\n```\n\n## Usage :\n\n### Simple Example\n\n````javascript\n#!/usr/bin/env node\nconst argv = require('yargs').argv\n\nif (argv.ships > 3 && argv.distance < 53.5) {\n  console.log('Plunder more riffiwobbles!')\n} else {\n  console.log('Retreat from the xupptumblers!')\n}\n````\n\n```bash\n$ ./plunder.js --ships=4 --distance=22\nPlunder more riffiwobbles!\n\n$ ./plunder.js --ships 12 --distance 98.7\nRetreat from the xupptumblers!\n```\n\n### Complex Example\n\n```javascript\n#!/usr/bin/env node\nrequire('yargs') // eslint-disable-line\n  .command('serve [port]', 'start the server', (yargs) => {\n    yargs\n      .positional('port', {\n        describe: 'port to bind on',\n        default: 5000\n      })\n  }, (argv) => {\n    if (argv.verbose) console.info(`start server on :${argv.port}`)\n    serve(argv.port)\n  })\n  .option('verbose', {\n    alias: 'v',\n    type: 'boolean',\n    description: 'Run with verbose logging'\n  })\n  .argv\n```\n\nRun the example above with `--help` to see the help for the application.\n\n## TypeScript\n\nyargs has type definitions at [@types/yargs][type-definitions].\n\n```\nnpm i @types/yargs --save-dev\n```\n\nSee usage examples in [docs](/docs/typescript.md).\n\n## Community :\n\nHaving problems? want to contribute? join our [community slack](http://devtoolscommunity.herokuapp.com).\n\n## Documentation :\n\n### Table of Contents\n\n* [Yargs' API](/docs/api.md)\n* [Examples](/docs/examples.md)\n* [Parsing Tricks](/docs/tricks.md)\n  * [Stop the Parser](/docs/tricks.md#stop)\n  * [Negating Boolean Arguments](/docs/tricks.md#negate)\n  * [Numbers](/docs/tricks.md#numbers)\n  * [Arrays](/docs/tricks.md#arrays)\n  * [Objects](/docs/tricks.md#objects)\n  * [Quotes](/docs/tricks.md#quotes)\n* [Advanced Topics](/docs/advanced.md)\n  * [Composing Your App Using Commands](/docs/advanced.md#commands)\n  * [Building Configurable CLI Apps](/docs/advanced.md#configuration)\n  * [Customizing Yargs' Parser](/docs/advanced.md#customizing)\n* [Contributing](/contributing.md)\n\n[travis-url]: https://travis-ci.org/yargs/yargs\n[travis-image]: https://img.shields.io/travis/yargs/yargs/master.svg\n[coveralls-url]: https://coveralls.io/github/yargs/yargs\n[coveralls-image]: https://img.shields.io/coveralls/yargs/yargs.svg\n[npm-url]: https://www.npmjs.com/package/yargs\n[npm-image]: https://img.shields.io/npm/v/yargs.svg\n[standard-image]: https://img.shields.io/badge/code%20style-standard-brightgreen.svg\n[standard-url]: http://standardjs.com/\n[conventional-commits-image]: https://img.shields.io/badge/Conventional%20Commits-1.0.0-yellow.svg\n[conventional-commits-url]: https://conventionalcommits.org/\n[slack-image]: http://devtoolscommunity.herokuapp.com/badge.svg\n[slack-url]: http://devtoolscommunity.herokuapp.com\n[type-definitions]: https://github.com/DefinitelyTyped/DefinitelyTyped/tree/master/types/yargs\n",
    "licenseText": "Copyright 2010 James Halliday (mail@substack.net)\nModified work Copyright 2014 Contributors (ben@npmjs.com)\n\nThis project is free software released under the MIT/X11 license:\n\nPermission is hereby granted, free of charge, to any person obtaining a copy\nof this software and associated documentation files (the \"Software\"), to deal\nin the Software without restriction, including without limitation the rights\nto use, copy, modify, merge, publish, distribute, sublicense, and/or sell\ncopies of the Software, and to permit persons to whom the Software is\nfurnished to do so, subject to the following conditions:\n\nThe above copyright notice and this permission notice shall be included in\nall copies or substantial portions of the Software.\n\nTHE SOFTWARE IS PROVIDED \"AS IS\", WITHOUT WARRANTY OF ANY KIND, EXPRESS OR\nIMPLIED, INCLUDING BUT NOT LIMITED TO THE WARRANTIES OF MERCHANTABILITY,\nFITNESS FOR A PARTICULAR PURPOSE AND NONINFRINGEMENT. IN NO EVENT SHALL THE\nAUTHORS OR COPYRIGHT HOLDERS BE LIABLE FOR ANY CLAIM, DAMAGES OR OTHER\nLIABILITY, WHETHER IN AN ACTION OF CONTRACT, TORT OR OTHERWISE, ARISING FROM,\nOUT OF OR IN CONNECTION WITH THE SOFTWARE OR THE USE OR OTHER DEALINGS IN\nTHE SOFTWARE.\n"
  },
  "artifacts": [],
  "remote": {
    "resolved": "https://registry.yarnpkg.com/yargs/-/yargs-14.2.3.tgz#1a1c3edced1afb2a2fea33604bc6d1d8d688a414",
    "type": "tarball",
    "reference": "https://registry.yarnpkg.com/yargs/-/yargs-14.2.3.tgz",
    "hash": "1a1c3edced1afb2a2fea33604bc6d1d8d688a414",
    "registry": "npm",
    "packageName": "yargs"
  },
  "registry": "npm",
  "hash": "1a1c3edced1afb2a2fea33604bc6d1d8d688a414"
}