{
  "manifest": {
    "name": "create-error-class",
    "version": "3.0.2",
    "description": "Create Error classes",
    "license": "MIT",
    "repository": {
      "type": "git",
      "url": "https://github.com/floatdrop/create-error-class.git"
    },
    "author": {
      "name": "Vsevolod Strukchinsky",
      "email": "floatdrop@gmail.com",
      "url": "github.com/floatdrop"
    },
    "engines": {
      "node": ">=0.10.0"
    },
    "scripts": {
      "test": "mocha"
    },
    "files": [
      "index.js"
    ],
    "keywords": [
      ""
    ],
    "dependencies": {
      "capture-stack-trace": "^1.0.0"
    },
    "devDependencies": {
      "mocha": "*"
    },
    "_registry": "npm",
    "_loc": "/Users/akshaynr/.hyper_plugins/cache/v1/npm-create-error-class-3.0.2-06be7abef947a3f14a30fd610671d401bca8b7b6/package.json",
    "readmeFilename": "readme.md",
    "readme": "# create-error-class [![Build Status](https://travis-ci.org/floatdrop/create-error-class.svg?branch=master)](https://travis-ci.org/floatdrop/create-error-class)\n\n> Create error class\n\n\n## Install\n\n```\n$ npm install --save create-error-class\n```\n\n\n## Usage\n\n```js\nvar createErrorClass = require('create-error-class');\n\nvar HTTPError = createErrorClass('HTTPError', function (props) {\n\tthis.message = 'Status code is ' + props.statusCode;\n});\n\nthrow new HTTPError({statusCode: 404});\n```\n\n\n## API\n\n### createErrorClass(className, [setup])\n\nReturn constructor of Errors with `className`.\n\n#### className\n\n*Required*  \nType: `string`\n\nClass name of Error Object. Should contain characters from `[0-9a-zA-Z_$]` range.\n\n#### setup\nType: `function`\n\nSetup function, that will be called after each Error object is created from constructor with context of Error object.\n\nBy default `setup` function sets `this.message` as first argument:\n\n```js\nvar MyError = createErrorClass('MyError');\n\nnew MyError('Something gone wrong!').message; // => 'Something gone wrong!'\n```\n\n## License\n\nMIT © [Vsevolod Strukchinsky](http://github.com/floatdrop)\n",
    "licenseText": "The MIT License (MIT)\n\nCopyright (c) Vsevolod Strukchinsky <floatdrop@gmail.com> (github.com/floatdrop)\n\nPermission is hereby granted, free of charge, to any person obtaining a copy\nof this software and associated documentation files (the \"Software\"), to deal\nin the Software without restriction, including without limitation the rights\nto use, copy, modify, merge, publish, distribute, sublicense, and/or sell\ncopies of the Software, and to permit persons to whom the Software is\nfurnished to do so, subject to the following conditions:\n\nThe above copyright notice and this permission notice shall be included in\nall copies or substantial portions of the Software.\n\nTHE SOFTWARE IS PROVIDED \"AS IS\", WITHOUT WARRANTY OF ANY KIND, EXPRESS OR\nIMPLIED, INCLUDING BUT NOT LIMITED TO THE WARRANTIES OF MERCHANTABILITY,\nFITNESS FOR A PARTICULAR PURPOSE AND NONINFRINGEMENT. IN NO EVENT SHALL THE\nAUTHORS OR COPYRIGHT HOLDERS BE LIABLE FOR ANY CLAIM, DAMAGES OR OTHER\nLIABILITY, WHETHER IN AN ACTION OF CONTRACT, TORT OR OTHERWISE, ARISING FROM,\nOUT OF OR IN CONNECTION WITH THE SOFTWARE OR THE USE OR OTHER DEALINGS IN\nTHE SOFTWARE.\n"
  },
  "artifacts": [],
  "remote": {
    "resolved": "https://registry.yarnpkg.com/create-error-class/-/create-error-class-3.0.2.tgz#06be7abef947a3f14a30fd610671d401bca8b7b6",
    "type": "tarball",
    "reference": "https://registry.yarnpkg.com/create-error-class/-/create-error-class-3.0.2.tgz",
    "hash": "06be7abef947a3f14a30fd610671d401bca8b7b6",
    "registry": "npm",
    "packageName": "create-error-class"
  },
  "registry": "npm",
  "hash": "06be7abef947a3f14a30fd610671d401bca8b7b6"
}