{
  "manifest": {
    "author": {
      "name": "Isaac Z. Schlueter",
      "email": "i@izs.me",
      "url": "http://blog.izs.me"
    },
    "name": "minimatch",
    "description": "a glob matcher in javascript",
    "version": "3.0.4",
    "repository": {
      "type": "git",
      "url": "git://github.com/isaacs/minimatch.git"
    },
    "main": "minimatch.js",
    "scripts": {
      "test": "tap test/*.js --cov",
      "preversion": "npm test",
      "postversion": "npm publish",
      "postpublish": "git push origin --all; git push origin --tags"
    },
    "engines": {
      "node": "*"
    },
    "dependencies": {
      "brace-expansion": "^1.1.7"
    },
    "devDependencies": {
      "tap": "^10.3.2"
    },
    "license": "ISC",
    "files": [
      "minimatch.js"
    ],
    "_registry": "npm",
    "_loc": "/Users/akshaynr/.hyper_plugins/cache/v1/npm-minimatch-3.0.4-5166e286457f03306064be5497e8dbb0c3d32083/package.json",
    "readmeFilename": "README.md",
    "readme": "# minimatch\n\nA minimal matching utility.\n\n[![Build Status](https://secure.travis-ci.org/isaacs/minimatch.svg)](http://travis-ci.org/isaacs/minimatch)\n\n\nThis is the matching library used internally by npm.\n\nIt works by converting glob expressions into JavaScript `RegExp`\nobjects.\n\n## Usage\n\n```javascript\nvar minimatch = require(\"minimatch\")\n\nminimatch(\"bar.foo\", \"*.foo\") // true!\nminimatch(\"bar.foo\", \"*.bar\") // false!\nminimatch(\"bar.foo\", \"*.+(bar|foo)\", { debug: true }) // true, and noisy!\n```\n\n## Features\n\nSupports these glob features:\n\n* Brace Expansion\n* Extended glob matching\n* \"Globstar\" `**` matching\n\nSee:\n\n* `man sh`\n* `man bash`\n* `man 3 fnmatch`\n* `man 5 gitignore`\n\n## Minimatch Class\n\nCreate a minimatch object by instantiating the `minimatch.Minimatch` class.\n\n```javascript\nvar Minimatch = require(\"minimatch\").Minimatch\nvar mm = new Minimatch(pattern, options)\n```\n\n### Properties\n\n* `pattern` The original pattern the minimatch object represents.\n* `options` The options supplied to the constructor.\n* `set` A 2-dimensional array of regexp or string expressions.\n  Each row in the\n  array corresponds to a brace-expanded pattern.  Each item in the row\n  corresponds to a single path-part.  For example, the pattern\n  `{a,b/c}/d` would expand to a set of patterns like:\n\n        [ [ a, d ]\n        , [ b, c, d ] ]\n\n    If a portion of the pattern doesn't have any \"magic\" in it\n    (that is, it's something like `\"foo\"` rather than `fo*o?`), then it\n    will be left as a string rather than converted to a regular\n    expression.\n\n* `regexp` Created by the `makeRe` method.  A single regular expression\n  expressing the entire pattern.  This is useful in cases where you wish\n  to use the pattern somewhat like `fnmatch(3)` with `FNM_PATH` enabled.\n* `negate` True if the pattern is negated.\n* `comment` True if the pattern is a comment.\n* `empty` True if the pattern is `\"\"`.\n\n### Methods\n\n* `makeRe` Generate the `regexp` member if necessary, and return it.\n  Will return `false` if the pattern is invalid.\n* `match(fname)` Return true if the filename matches the pattern, or\n  false otherwise.\n* `matchOne(fileArray, patternArray, partial)` Take a `/`-split\n  filename, and match it against a single row in the `regExpSet`.  This\n  method is mainly for internal use, but is exposed so that it can be\n  used by a glob-walker that needs to avoid excessive filesystem calls.\n\nAll other methods are internal, and will be called as necessary.\n\n### minimatch(path, pattern, options)\n\nMain export.  Tests a path against the pattern using the options.\n\n```javascript\nvar isJS = minimatch(file, \"*.js\", { matchBase: true })\n```\n\n### minimatch.filter(pattern, options)\n\nReturns a function that tests its\nsupplied argument, suitable for use with `Array.filter`.  Example:\n\n```javascript\nvar javascripts = fileList.filter(minimatch.filter(\"*.js\", {matchBase: true}))\n```\n\n### minimatch.match(list, pattern, options)\n\nMatch against the list of\nfiles, in the style of fnmatch or glob.  If nothing is matched, and\noptions.nonull is set, then return a list containing the pattern itself.\n\n```javascript\nvar javascripts = minimatch.match(fileList, \"*.js\", {matchBase: true}))\n```\n\n### minimatch.makeRe(pattern, options)\n\nMake a regular expression object from the pattern.\n\n## Options\n\nAll options are `false` by default.\n\n### debug\n\nDump a ton of stuff to stderr.\n\n### nobrace\n\nDo not expand `{a,b}` and `{1..3}` brace sets.\n\n### noglobstar\n\nDisable `**` matching against multiple folder names.\n\n### dot\n\nAllow patterns to match filenames starting with a period, even if\nthe pattern does not explicitly have a period in that spot.\n\nNote that by default, `a/**/b` will **not** match `a/.d/b`, unless `dot`\nis set.\n\n### noext\n\nDisable \"extglob\" style patterns like `+(a|b)`.\n\n### nocase\n\nPerform a case-insensitive match.\n\n### nonull\n\nWhen a match is not found by `minimatch.match`, return a list containing\nthe pattern itself if this option is set.  When not set, an empty list\nis returned if there are no matches.\n\n### matchBase\n\nIf set, then patterns without slashes will be matched\nagainst the basename of the path if it contains slashes.  For example,\n`a?b` would match the path `/xyz/123/acb`, but not `/xyz/acb/123`.\n\n### nocomment\n\nSuppress the behavior of treating `#` at the start of a pattern as a\ncomment.\n\n### nonegate\n\nSuppress the behavior of treating a leading `!` character as negation.\n\n### flipNegate\n\nReturns from negate expressions the same as if they were not negated.\n(Ie, true on a hit, false on a miss.)\n\n\n## Comparisons to other fnmatch/glob implementations\n\nWhile strict compliance with the existing standards is a worthwhile\ngoal, some discrepancies exist between minimatch and other\nimplementations, and are intentional.\n\nIf the pattern starts with a `!` character, then it is negated.  Set the\n`nonegate` flag to suppress this behavior, and treat leading `!`\ncharacters normally.  This is perhaps relevant if you wish to start the\npattern with a negative extglob pattern like `!(a|B)`.  Multiple `!`\ncharacters at the start of a pattern will negate the pattern multiple\ntimes.\n\nIf a pattern starts with `#`, then it is treated as a comment, and\nwill not match anything.  Use `\\#` to match a literal `#` at the\nstart of a line, or set the `nocomment` flag to suppress this behavior.\n\nThe double-star character `**` is supported by default, unless the\n`noglobstar` flag is set.  This is supported in the manner of bsdglob\nand bash 4.1, where `**` only has special significance if it is the only\nthing in a path part.  That is, `a/**/b` will match `a/x/y/b`, but\n`a/**b` will not.\n\nIf an escaped pattern has no matches, and the `nonull` flag is set,\nthen minimatch.match returns the pattern as-provided, rather than\ninterpreting the character escapes.  For example,\n`minimatch.match([], \"\\\\*a\\\\?\")` will return `\"\\\\*a\\\\?\"` rather than\n`\"*a?\"`.  This is akin to setting the `nullglob` option in bash, except\nthat it does not resolve escaped pattern characters.\n\nIf brace expansion is not disabled, then it is performed before any\nother interpretation of the glob pattern.  Thus, a pattern like\n`+(a|{b),c)}`, which would not be valid in bash or zsh, is expanded\n**first** into the set of `+(a|b)` and `+(a|c)`, and those patterns are\nchecked for validity.  Since those two are valid, matching proceeds.\n",
    "licenseText": "The ISC License\n\nCopyright (c) Isaac Z. Schlueter and Contributors\n\nPermission to use, copy, modify, and/or distribute this software for any\npurpose with or without fee is hereby granted, provided that the above\ncopyright notice and this permission notice appear in all copies.\n\nTHE SOFTWARE IS PROVIDED \"AS IS\" AND THE AUTHOR DISCLAIMS ALL WARRANTIES\nWITH REGARD TO THIS SOFTWARE INCLUDING ALL IMPLIED WARRANTIES OF\nMERCHANTABILITY AND FITNESS. IN NO EVENT SHALL THE AUTHOR BE LIABLE FOR\nANY SPECIAL, DIRECT, INDIRECT, OR CONSEQUENTIAL DAMAGES OR ANY DAMAGES\nWHATSOEVER RESULTING FROM LOSS OF USE, DATA OR PROFITS, WHETHER IN AN\nACTION OF CONTRACT, NEGLIGENCE OR OTHER TORTIOUS ACTION, ARISING OUT OF OR\nIN CONNECTION WITH THE USE OR PERFORMANCE OF THIS SOFTWARE.\n"
  },
  "artifacts": [],
  "remote": {
    "resolved": "https://registry.yarnpkg.com/minimatch/-/minimatch-3.0.4.tgz#5166e286457f03306064be5497e8dbb0c3d32083",
    "type": "tarball",
    "reference": "https://registry.yarnpkg.com/minimatch/-/minimatch-3.0.4.tgz",
    "hash": "5166e286457f03306064be5497e8dbb0c3d32083",
    "registry": "npm",
    "packageName": "minimatch"
  },
  "registry": "npm",
  "hash": "5166e286457f03306064be5497e8dbb0c3d32083"
}