{
  "manifest": {
    "name": "request",
    "description": "Simplified HTTP request client.",
    "keywords": [
      "http",
      "simple",
      "util",
      "utility"
    ],
    "version": "2.88.2",
    "author": {
      "name": "Mikeal Rogers",
      "email": "mikeal.rogers@gmail.com"
    },
    "repository": {
      "type": "git",
      "url": "https://github.com/request/request.git"
    },
    "bugs": {
      "url": "http://github.com/request/request/issues"
    },
    "license": "Apache-2.0",
    "engines": {
      "node": ">= 6"
    },
    "main": "index.js",
    "files": [
      "lib/",
      "index.js",
      "request.js"
    ],
    "dependencies": {
      "aws-sign2": "~0.7.0",
      "aws4": "^1.8.0",
      "caseless": "~0.12.0",
      "combined-stream": "~1.0.6",
      "extend": "~3.0.2",
      "forever-agent": "~0.6.1",
      "form-data": "~2.3.2",
      "har-validator": "~5.1.3",
      "http-signature": "~1.2.0",
      "is-typedarray": "~1.0.0",
      "isstream": "~0.1.2",
      "json-stringify-safe": "~5.0.1",
      "mime-types": "~2.1.19",
      "oauth-sign": "~0.9.0",
      "performance-now": "^2.1.0",
      "qs": "~6.5.2",
      "safe-buffer": "^5.1.2",
      "tough-cookie": "~2.5.0",
      "tunnel-agent": "^0.6.0",
      "uuid": "^3.3.2"
    },
    "scripts": {
      "test": "npm run lint && npm run test-ci && npm run test-browser",
      "test-ci": "taper tests/test-*.js",
      "test-cov": "nyc --reporter=lcov tape tests/test-*.js",
      "test-browser": "node tests/browser/start.js",
      "lint": "standard"
    },
    "devDependencies": {
      "bluebird": "^3.2.1",
      "browserify": "^13.0.1",
      "browserify-istanbul": "^2.0.0",
      "buffer-equal": "^1.0.0",
      "codecov": "^3.0.4",
      "coveralls": "^3.0.2",
      "function-bind": "^1.0.2",
      "karma": "^3.0.0",
      "karma-browserify": "^5.0.1",
      "karma-cli": "^1.0.0",
      "karma-coverage": "^1.0.0",
      "karma-phantomjs-launcher": "^1.0.0",
      "karma-tap": "^3.0.1",
      "nyc": "^14.1.1",
      "phantomjs-prebuilt": "^2.1.3",
      "rimraf": "^2.2.8",
      "server-destroy": "^1.0.1",
      "standard": "^9.0.0",
      "tape": "^4.6.0",
      "taper": "^0.5.0"
    },
    "greenkeeper": {
      "ignore": [
        "hawk",
        "har-validator"
      ]
    },
    "_registry": "npm",
    "_loc": "/Users/akshaynr/.hyper_plugins/cache/v1/npm-request-2.88.2-d73c918731cb5a87da047e207234146f664d12b3/package.json",
    "readmeFilename": "README.md",
    "readme": "# Deprecated!\n\nAs of Feb 11th 2020, request is fully deprecated. No new changes are expected land. In fact, none have landed for some time.\n\nFor more information about why request is deprecated and possible alternatives refer to\n[this issue](https://github.com/request/request/issues/3142).\n\n# Request - Simplified HTTP client\n\n[![npm package](https://nodei.co/npm/request.png?downloads=true&downloadRank=true&stars=true)](https://nodei.co/npm/request/)\n\n[![Build status](https://img.shields.io/travis/request/request/master.svg?style=flat-square)](https://travis-ci.org/request/request)\n[![Coverage](https://img.shields.io/codecov/c/github/request/request.svg?style=flat-square)](https://codecov.io/github/request/request?branch=master)\n[![Coverage](https://img.shields.io/coveralls/request/request.svg?style=flat-square)](https://coveralls.io/r/request/request)\n[![Dependency Status](https://img.shields.io/david/request/request.svg?style=flat-square)](https://david-dm.org/request/request)\n[![Known Vulnerabilities](https://snyk.io/test/npm/request/badge.svg?style=flat-square)](https://snyk.io/test/npm/request)\n[![Gitter](https://img.shields.io/badge/gitter-join_chat-blue.svg?style=flat-square)](https://gitter.im/request/request?utm_source=badge)\n\n\n## Super simple to use\n\nRequest is designed to be the simplest way possible to make http calls. It supports HTTPS and follows redirects by default.\n\n```js\nconst request = require('request');\nrequest('http://www.google.com', function (error, response, body) {\n  console.error('error:', error); // Print the error if one occurred\n  console.log('statusCode:', response && response.statusCode); // Print the response status code if a response was received\n  console.log('body:', body); // Print the HTML for the Google homepage.\n});\n```\n\n\n## Table of contents\n\n- [Streaming](#streaming)\n- [Promises & Async/Await](#promises--asyncawait)\n- [Forms](#forms)\n- [HTTP Authentication](#http-authentication)\n- [Custom HTTP Headers](#custom-http-headers)\n- [OAuth Signing](#oauth-signing)\n- [Proxies](#proxies)\n- [Unix Domain Sockets](#unix-domain-sockets)\n- [TLS/SSL Protocol](#tlsssl-protocol)\n- [Support for HAR 1.2](#support-for-har-12)\n- [**All Available Options**](#requestoptions-callback)\n\nRequest also offers [convenience methods](#convenience-methods) like\n`request.defaults` and `request.post`, and there are\nlots of [usage examples](#examples) and several\n[debugging techniques](#debugging).\n\n\n---\n\n\n## Streaming\n\nYou can stream any response to a file stream.\n\n```js\nrequest('http://google.com/doodle.png').pipe(fs.createWriteStream('doodle.png'))\n```\n\nYou can also stream a file to a PUT or POST request. This method will also check the file extension against a mapping of file extensions to content-types (in this case `application/json`) and use the proper `content-type` in the PUT request (if the headers don’t already provide one).\n\n```js\nfs.createReadStream('file.json').pipe(request.put('http://mysite.com/obj.json'))\n```\n\nRequest can also `pipe` to itself. When doing so, `content-type` and `content-length` are preserved in the PUT headers.\n\n```js\nrequest.get('http://google.com/img.png').pipe(request.put('http://mysite.com/img.png'))\n```\n\nRequest emits a \"response\" event when a response is received. The `response` argument will be an instance of [http.IncomingMessage](https://nodejs.org/api/http.html#http_class_http_incomingmessage).\n\n```js\nrequest\n  .get('http://google.com/img.png')\n  .on('response', function(response) {\n    console.log(response.statusCode) // 200\n    console.log(response.headers['content-type']) // 'image/png'\n  })\n  .pipe(request.put('http://mysite.com/img.png'))\n```\n\nTo easily handle errors when streaming requests, listen to the `error` event before piping:\n\n```js\nrequest\n  .get('http://mysite.com/doodle.png')\n  .on('error', function(err) {\n    console.error(err)\n  })\n  .pipe(fs.createWriteStream('doodle.png'))\n```\n\nNow let’s get fancy.\n\n```js\nhttp.createServer(function (req, resp) {\n  if (req.url === '/doodle.png') {\n    if (req.method === 'PUT') {\n      req.pipe(request.put('http://mysite.com/doodle.png'))\n    } else if (req.method === 'GET' || req.method === 'HEAD') {\n      request.get('http://mysite.com/doodle.png').pipe(resp)\n    }\n  }\n})\n```\n\nYou can also `pipe()` from `http.ServerRequest` instances, as well as to `http.ServerResponse` instances. The HTTP method, headers, and entity-body data will be sent. Which means that, if you don't really care about security, you can do:\n\n```js\nhttp.createServer(function (req, resp) {\n  if (req.url === '/doodle.png') {\n    const x = request('http://mysite.com/doodle.png')\n    req.pipe(x)\n    x.pipe(resp)\n  }\n})\n```\n\nAnd since `pipe()` returns the destination stream in ≥ Node 0.5.x you can do one line proxying. :)\n\n```js\nreq.pipe(request('http://mysite.com/doodle.png')).pipe(resp)\n```\n\nAlso, none of this new functionality conflicts with requests previous features, it just expands them.\n\n```js\nconst r = request.defaults({'proxy':'http://localproxy.com'})\n\nhttp.createServer(function (req, resp) {\n  if (req.url === '/doodle.png') {\n    r.get('http://google.com/doodle.png').pipe(resp)\n  }\n})\n```\n\nYou can still use intermediate proxies, the requests will still follow HTTP forwards, etc.\n\n[back to top](#table-of-contents)\n\n\n---\n\n\n## Promises & Async/Await\n\n`request` supports both streaming and callback interfaces natively. If you'd like `request` to return a Promise instead, you can use an alternative interface wrapper for `request`. These wrappers can be useful if you prefer to work with Promises, or if you'd like to use `async`/`await` in ES2017.\n\nSeveral alternative interfaces are provided by the request team, including:\n- [`request-promise`](https://github.com/request/request-promise) (uses [Bluebird](https://github.com/petkaantonov/bluebird) Promises)\n- [`request-promise-native`](https://github.com/request/request-promise-native) (uses native Promises)\n- [`request-promise-any`](https://github.com/request/request-promise-any) (uses [any-promise](https://www.npmjs.com/package/any-promise) Promises)\n\nAlso, [`util.promisify`](https://nodejs.org/api/util.html#util_util_promisify_original), which is available from Node.js v8.0 can be used to convert a regular function that takes a callback to return a promise instead.\n\n\n[back to top](#table-of-contents)\n\n\n---\n\n\n## Forms\n\n`request` supports `application/x-www-form-urlencoded` and `multipart/form-data` form uploads. For `multipart/related` refer to the `multipart` API.\n\n\n#### application/x-www-form-urlencoded (URL-Encoded Forms)\n\nURL-encoded forms are simple.\n\n```js\nrequest.post('http://service.com/upload', {form:{key:'value'}})\n// or\nrequest.post('http://service.com/upload').form({key:'value'})\n// or\nrequest.post({url:'http://service.com/upload', form: {key:'value'}}, function(err,httpResponse,body){ /* ... */ })\n```\n\n\n#### multipart/form-data (Multipart Form Uploads)\n\nFor `multipart/form-data` we use the [form-data](https://github.com/form-data/form-data) library by [@felixge](https://github.com/felixge). For the most cases, you can pass your upload form data via the `formData` option.\n\n\n```js\nconst formData = {\n  // Pass a simple key-value pair\n  my_field: 'my_value',\n  // Pass data via Buffers\n  my_buffer: Buffer.from([1, 2, 3]),\n  // Pass data via Streams\n  my_file: fs.createReadStream(__dirname + '/unicycle.jpg'),\n  // Pass multiple values /w an Array\n  attachments: [\n    fs.createReadStream(__dirname + '/attachment1.jpg'),\n    fs.createReadStream(__dirname + '/attachment2.jpg')\n  ],\n  // Pass optional meta-data with an 'options' object with style: {value: DATA, options: OPTIONS}\n  // Use case: for some types of streams, you'll need to provide \"file\"-related information manually.\n  // See the `form-data` README for more information about options: https://github.com/form-data/form-data\n  custom_file: {\n    value:  fs.createReadStream('/dev/urandom'),\n    options: {\n      filename: 'topsecret.jpg',\n      contentType: 'image/jpeg'\n    }\n  }\n};\nrequest.post({url:'http://service.com/upload', formData: formData}, function optionalCallback(err, httpResponse, body) {\n  if (err) {\n    return console.error('upload failed:', err);\n  }\n  console.log('Upload successful!  Server responded with:', body);\n});\n```\n\nFor advanced cases, you can access the form-data object itself via `r.form()`. This can be modified until the request is fired on the next cycle of the event-loop. (Note that this calling `form()` will clear the currently set form data for that request.)\n\n```js\n// NOTE: Advanced use-case, for normal use see 'formData' usage above\nconst r = request.post('http://service.com/upload', function optionalCallback(err, httpResponse, body) {...})\nconst form = r.form();\nform.append('my_field', 'my_value');\nform.append('my_buffer', Buffer.from([1, 2, 3]));\nform.append('custom_file', fs.createReadStream(__dirname + '/unicycle.jpg'), {filename: 'unicycle.jpg'});\n```\nSee the [form-data README](https://github.com/form-data/form-data) for more information & examples.\n\n\n#### multipart/related\n\nSome variations in different HTTP implementations require a newline/CRLF before, after, or both before and after the boundary of a `multipart/related` request (using the multipart option). This has been observed in the .NET WebAPI version 4.0. You can turn on a boundary preambleCRLF or postamble by passing them as `true` to your request options.\n\n```js\n  request({\n    method: 'PUT',\n    preambleCRLF: true,\n    postambleCRLF: true,\n    uri: 'http://service.com/upload',\n    multipart: [\n      {\n        'content-type': 'application/json',\n        body: JSON.stringify({foo: 'bar', _attachments: {'message.txt': {follows: true, length: 18, 'content_type': 'text/plain' }}})\n      },\n      { body: 'I am an attachment' },\n      { body: fs.createReadStream('image.png') }\n    ],\n    // alternatively pass an object containing additional options\n    multipart: {\n      chunked: false,\n      data: [\n        {\n          'content-type': 'application/json',\n          body: JSON.stringify({foo: 'bar', _attachments: {'message.txt': {follows: true, length: 18, 'content_type': 'text/plain' }}})\n        },\n        { body: 'I am an attachment' }\n      ]\n    }\n  },\n  function (error, response, body) {\n    if (error) {\n      return console.error('upload failed:', error);\n    }\n    console.log('Upload successful!  Server responded with:', body);\n  })\n```\n\n[back to top](#table-of-contents)\n\n\n---\n\n\n## HTTP Authentication\n\n```js\nrequest.get('http://some.server.com/').auth('username', 'password', false);\n// or\nrequest.get('http://some.server.com/', {\n  'auth': {\n    'user': 'username',\n    'pass': 'password',\n    'sendImmediately': false\n  }\n});\n// or\nrequest.get('http://some.server.com/').auth(null, null, true, 'bearerToken');\n// or\nrequest.get('http://some.server.com/', {\n  'auth': {\n    'bearer': 'bearerToken'\n  }\n});\n```\n\nIf passed as an option, `auth` should be a hash containing values:\n\n- `user` || `username`\n- `pass` || `password`\n- `sendImmediately` (optional)\n- `bearer` (optional)\n\nThe method form takes parameters\n`auth(username, password, sendImmediately, bearer)`.\n\n`sendImmediately` defaults to `true`, which causes a basic or bearer\nauthentication header to be sent. If `sendImmediately` is `false`, then\n`request` will retry with a proper authentication header after receiving a\n`401` response from the server (which must contain a `WWW-Authenticate` header\nindicating the required authentication method).\n\nNote that you can also specify basic authentication using the URL itself, as\ndetailed in [RFC 1738](http://www.ietf.org/rfc/rfc1738.txt). Simply pass the\n`user:password` before the host with an `@` sign:\n\n```js\nconst username = 'username',\n    password = 'password',\n    url = 'http://' + username + ':' + password + '@some.server.com';\n\nrequest({url}, function (error, response, body) {\n   // Do more stuff with 'body' here\n});\n```\n\nDigest authentication is supported, but it only works with `sendImmediately`\nset to `false`; otherwise `request` will send basic authentication on the\ninitial request, which will probably cause the request to fail.\n\nBearer authentication is supported, and is activated when the `bearer` value is\navailable. The value may be either a `String` or a `Function` returning a\n`String`. Using a function to supply the bearer token is particularly useful if\nused in conjunction with `defaults` to allow a single function to supply the\nlast known token at the time of sending a request, or to compute one on the fly.\n\n[back to top](#table-of-contents)\n\n\n---\n\n\n## Custom HTTP Headers\n\nHTTP Headers, such as `User-Agent`, can be set in the `options` object.\nIn the example below, we call the github API to find out the number\nof stars and forks for the request repository. This requires a\ncustom `User-Agent` header as well as https.\n\n```js\nconst request = require('request');\n\nconst options = {\n  url: 'https://api.github.com/repos/request/request',\n  headers: {\n    'User-Agent': 'request'\n  }\n};\n\nfunction callback(error, response, body) {\n  if (!error && response.statusCode == 200) {\n    const info = JSON.parse(body);\n    console.log(info.stargazers_count + \" Stars\");\n    console.log(info.forks_count + \" Forks\");\n  }\n}\n\nrequest(options, callback);\n```\n\n[back to top](#table-of-contents)\n\n\n---\n\n\n## OAuth Signing\n\n[OAuth version 1.0](https://tools.ietf.org/html/rfc5849) is supported. The\ndefault signing algorithm is\n[HMAC-SHA1](https://tools.ietf.org/html/rfc5849#section-3.4.2):\n\n```js\n// OAuth1.0 - 3-legged server side flow (Twitter example)\n// step 1\nconst qs = require('querystring')\n  , oauth =\n    { callback: 'http://mysite.com/callback/'\n    , consumer_key: CONSUMER_KEY\n    , consumer_secret: CONSUMER_SECRET\n    }\n  , url = 'https://api.twitter.com/oauth/request_token'\n  ;\nrequest.post({url:url, oauth:oauth}, function (e, r, body) {\n  // Ideally, you would take the body in the response\n  // and construct a URL that a user clicks on (like a sign in button).\n  // The verifier is only available in the response after a user has\n  // verified with twitter that they are authorizing your app.\n\n  // step 2\n  const req_data = qs.parse(body)\n  const uri = 'https://api.twitter.com/oauth/authenticate'\n    + '?' + qs.stringify({oauth_token: req_data.oauth_token})\n  // redirect the user to the authorize uri\n\n  // step 3\n  // after the user is redirected back to your server\n  const auth_data = qs.parse(body)\n    , oauth =\n      { consumer_key: CONSUMER_KEY\n      , consumer_secret: CONSUMER_SECRET\n      , token: auth_data.oauth_token\n      , token_secret: req_data.oauth_token_secret\n      , verifier: auth_data.oauth_verifier\n      }\n    , url = 'https://api.twitter.com/oauth/access_token'\n    ;\n  request.post({url:url, oauth:oauth}, function (e, r, body) {\n    // ready to make signed requests on behalf of the user\n    const perm_data = qs.parse(body)\n      , oauth =\n        { consumer_key: CONSUMER_KEY\n        , consumer_secret: CONSUMER_SECRET\n        , token: perm_data.oauth_token\n        , token_secret: perm_data.oauth_token_secret\n        }\n      , url = 'https://api.twitter.com/1.1/users/show.json'\n      , qs =\n        { screen_name: perm_data.screen_name\n        , user_id: perm_data.user_id\n        }\n      ;\n    request.get({url:url, oauth:oauth, qs:qs, json:true}, function (e, r, user) {\n      console.log(user)\n    })\n  })\n})\n```\n\nFor [RSA-SHA1 signing](https://tools.ietf.org/html/rfc5849#section-3.4.3), make\nthe following changes to the OAuth options object:\n* Pass `signature_method : 'RSA-SHA1'`\n* Instead of `consumer_secret`, specify a `private_key` string in\n  [PEM format](http://how2ssl.com/articles/working_with_pem_files/)\n\nFor [PLAINTEXT signing](http://oauth.net/core/1.0/#anchor22), make\nthe following changes to the OAuth options object:\n* Pass `signature_method : 'PLAINTEXT'`\n\nTo send OAuth parameters via query params or in a post body as described in The\n[Consumer Request Parameters](http://oauth.net/core/1.0/#consumer_req_param)\nsection of the oauth1 spec:\n* Pass `transport_method : 'query'` or `transport_method : 'body'` in the OAuth\n  options object.\n* `transport_method` defaults to `'header'`\n\nTo use [Request Body Hash](https://oauth.googlecode.com/svn/spec/ext/body_hash/1.0/oauth-bodyhash.html) you can either\n* Manually generate the body hash and pass it as a string `body_hash: '...'`\n* Automatically generate the body hash by passing `body_hash: true`\n\n[back to top](#table-of-contents)\n\n\n---\n\n\n## Proxies\n\nIf you specify a `proxy` option, then the request (and any subsequent\nredirects) will be sent via a connection to the proxy server.\n\nIf your endpoint is an `https` url, and you are using a proxy, then\nrequest will send a `CONNECT` request to the proxy server *first*, and\nthen use the supplied connection to connect to the endpoint.\n\nThat is, first it will make a request like:\n\n```\nHTTP/1.1 CONNECT endpoint-server.com:80\nHost: proxy-server.com\nUser-Agent: whatever user agent you specify\n```\n\nand then the proxy server make a TCP connection to `endpoint-server`\non port `80`, and return a response that looks like:\n\n```\nHTTP/1.1 200 OK\n```\n\nAt this point, the connection is left open, and the client is\ncommunicating directly with the `endpoint-server.com` machine.\n\nSee [the wikipedia page on HTTP Tunneling](https://en.wikipedia.org/wiki/HTTP_tunnel)\nfor more information.\n\nBy default, when proxying `http` traffic, request will simply make a\nstandard proxied `http` request. This is done by making the `url`\nsection of the initial line of the request a fully qualified url to\nthe endpoint.\n\nFor example, it will make a single request that looks like:\n\n```\nHTTP/1.1 GET http://endpoint-server.com/some-url\nHost: proxy-server.com\nOther-Headers: all go here\n\nrequest body or whatever\n```\n\nBecause a pure \"http over http\" tunnel offers no additional security\nor other features, it is generally simpler to go with a\nstraightforward HTTP proxy in this case. However, if you would like\nto force a tunneling proxy, you may set the `tunnel` option to `true`.\n\nYou can also make a standard proxied `http` request by explicitly setting\n`tunnel : false`, but **note that this will allow the proxy to see the traffic\nto/from the destination server**.\n\nIf you are using a tunneling proxy, you may set the\n`proxyHeaderWhiteList` to share certain headers with the proxy.\n\nYou can also set the `proxyHeaderExclusiveList` to share certain\nheaders only with the proxy and not with destination host.\n\nBy default, this set is:\n\n```\naccept\naccept-charset\naccept-encoding\naccept-language\naccept-ranges\ncache-control\ncontent-encoding\ncontent-language\ncontent-length\ncontent-location\ncontent-md5\ncontent-range\ncontent-type\nconnection\ndate\nexpect\nmax-forwards\npragma\nproxy-authorization\nreferer\nte\ntransfer-encoding\nuser-agent\nvia\n```\n\nNote that, when using a tunneling proxy, the `proxy-authorization`\nheader and any headers from custom `proxyHeaderExclusiveList` are\n*never* sent to the endpoint server, but only to the proxy server.\n\n\n### Controlling proxy behaviour using environment variables\n\nThe following environment variables are respected by `request`:\n\n * `HTTP_PROXY` / `http_proxy`\n * `HTTPS_PROXY` / `https_proxy`\n * `NO_PROXY` / `no_proxy`\n\nWhen `HTTP_PROXY` / `http_proxy` are set, they will be used to proxy non-SSL requests that do not have an explicit `proxy` configuration option present. Similarly, `HTTPS_PROXY` / `https_proxy` will be respected for SSL requests that do not have an explicit `proxy` configuration option. It is valid to define a proxy in one of the environment variables, but then override it for a specific request, using the `proxy` configuration option. Furthermore, the `proxy` configuration option can be explicitly set to false / null to opt out of proxying altogether for that request.\n\n`request` is also aware of the `NO_PROXY`/`no_proxy` environment variables. These variables provide a granular way to opt out of proxying, on a per-host basis. It should contain a comma separated list of hosts to opt out of proxying. It is also possible to opt of proxying when a particular destination port is used. Finally, the variable may be set to `*` to opt out of the implicit proxy configuration of the other environment variables.\n\nHere's some examples of valid `no_proxy` values:\n\n * `google.com` - don't proxy HTTP/HTTPS requests to Google.\n * `google.com:443` - don't proxy HTTPS requests to Google, but *do* proxy HTTP requests to Google.\n * `google.com:443, yahoo.com:80` - don't proxy HTTPS requests to Google, and don't proxy HTTP requests to Yahoo!\n * `*` - ignore `https_proxy`/`http_proxy` environment variables altogether.\n\n[back to top](#table-of-contents)\n\n\n---\n\n\n## UNIX Domain Sockets\n\n`request` supports making requests to [UNIX Domain Sockets](https://en.wikipedia.org/wiki/Unix_domain_socket). To make one, use the following URL scheme:\n\n```js\n/* Pattern */ 'http://unix:SOCKET:PATH'\n/* Example */ request.get('http://unix:/absolute/path/to/unix.socket:/request/path')\n```\n\nNote: The `SOCKET` path is assumed to be absolute to the root of the host file system.\n\n[back to top](#table-of-contents)\n\n\n---\n\n\n## TLS/SSL Protocol\n\nTLS/SSL Protocol options, such as `cert`, `key` and `passphrase`, can be\nset directly in `options` object, in the `agentOptions` property of the `options` object, or even in `https.globalAgent.options`. Keep in mind that, although `agentOptions` allows for a slightly wider range of configurations, the recommended way is via `options` object directly, as using `agentOptions` or `https.globalAgent.options` would not be applied in the same way in proxied environments (as data travels through a TLS connection instead of an http/https agent).\n\n```js\nconst fs = require('fs')\n    , path = require('path')\n    , certFile = path.resolve(__dirname, 'ssl/client.crt')\n    , keyFile = path.resolve(__dirname, 'ssl/client.key')\n    , caFile = path.resolve(__dirname, 'ssl/ca.cert.pem')\n    , request = require('request');\n\nconst options = {\n    url: 'https://api.some-server.com/',\n    cert: fs.readFileSync(certFile),\n    key: fs.readFileSync(keyFile),\n    passphrase: 'password',\n    ca: fs.readFileSync(caFile)\n};\n\nrequest.get(options);\n```\n\n### Using `options.agentOptions`\n\nIn the example below, we call an API that requires client side SSL certificate\n(in PEM format) with passphrase protected private key (in PEM format) and disable the SSLv3 protocol:\n\n```js\nconst fs = require('fs')\n    , path = require('path')\n    , certFile = path.resolve(__dirname, 'ssl/client.crt')\n    , keyFile = path.resolve(__dirname, 'ssl/client.key')\n    , request = require('request');\n\nconst options = {\n    url: 'https://api.some-server.com/',\n    agentOptions: {\n        cert: fs.readFileSync(certFile),\n        key: fs.readFileSync(keyFile),\n        // Or use `pfx` property replacing `cert` and `key` when using private key, certificate and CA certs in PFX or PKCS12 format:\n        // pfx: fs.readFileSync(pfxFilePath),\n        passphrase: 'password',\n        securityOptions: 'SSL_OP_NO_SSLv3'\n    }\n};\n\nrequest.get(options);\n```\n\nIt is able to force using SSLv3 only by specifying `secureProtocol`:\n\n```js\nrequest.get({\n    url: 'https://api.some-server.com/',\n    agentOptions: {\n        secureProtocol: 'SSLv3_method'\n    }\n});\n```\n\nIt is possible to accept other certificates than those signed by generally allowed Certificate Authorities (CAs).\nThis can be useful, for example,  when using self-signed certificates.\nTo require a different root certificate, you can specify the signing CA by adding the contents of the CA's certificate file to the `agentOptions`.\nThe certificate the domain presents must be signed by the root certificate specified:\n\n```js\nrequest.get({\n    url: 'https://api.some-server.com/',\n    agentOptions: {\n        ca: fs.readFileSync('ca.cert.pem')\n    }\n});\n```\n\nThe `ca` value can be an array of certificates, in the event you have a private or internal corporate public-key infrastructure hierarchy. For example, if you want to connect to https://api.some-server.com which presents a key chain consisting of:\n1. its own public key, which is signed by:\n2. an intermediate \"Corp Issuing Server\", that is in turn signed by: \n3. a root CA \"Corp Root CA\";\n\nyou can configure your request as follows:\n\n```js\nrequest.get({\n    url: 'https://api.some-server.com/',\n    agentOptions: {\n        ca: [\n          fs.readFileSync('Corp Issuing Server.pem'),\n          fs.readFileSync('Corp Root CA.pem')\n        ]\n    }\n});\n```\n\n[back to top](#table-of-contents)\n\n\n---\n\n## Support for HAR 1.2\n\nThe `options.har` property will override the values: `url`, `method`, `qs`, `headers`, `form`, `formData`, `body`, `json`, as well as construct multipart data and read files from disk when `request.postData.params[].fileName` is present without a matching `value`.\n\nA validation step will check if the HAR Request format matches the latest spec (v1.2) and will skip parsing if not matching.\n\n```js\n  const request = require('request')\n  request({\n    // will be ignored\n    method: 'GET',\n    uri: 'http://www.google.com',\n\n    // HTTP Archive Request Object\n    har: {\n      url: 'http://www.mockbin.com/har',\n      method: 'POST',\n      headers: [\n        {\n          name: 'content-type',\n          value: 'application/x-www-form-urlencoded'\n        }\n      ],\n      postData: {\n        mimeType: 'application/x-www-form-urlencoded',\n        params: [\n          {\n            name: 'foo',\n            value: 'bar'\n          },\n          {\n            name: 'hello',\n            value: 'world'\n          }\n        ]\n      }\n    }\n  })\n\n  // a POST request will be sent to http://www.mockbin.com\n  // with body an application/x-www-form-urlencoded body:\n  // foo=bar&hello=world\n```\n\n[back to top](#table-of-contents)\n\n\n---\n\n## request(options, callback)\n\nThe first argument can be either a `url` or an `options` object. The only required option is `uri`; all others are optional.\n\n- `uri` || `url` - fully qualified uri or a parsed url object from `url.parse()`\n- `baseUrl` - fully qualified uri string used as the base url. Most useful with `request.defaults`, for example when you want to do many requests to the same domain. If `baseUrl` is `https://example.com/api/`, then requesting `/end/point?test=true` will fetch `https://example.com/api/end/point?test=true`. When `baseUrl` is given, `uri` must also be a string.\n- `method` - http method (default: `\"GET\"`)\n- `headers` - http headers (default: `{}`)\n\n---\n\n- `qs` - object containing querystring values to be appended to the `uri`\n- `qsParseOptions` - object containing options to pass to the [qs.parse](https://github.com/hapijs/qs#parsing-objects) method. Alternatively pass options to the [querystring.parse](https://nodejs.org/docs/v0.12.0/api/querystring.html#querystring_querystring_parse_str_sep_eq_options) method using this format `{sep:';', eq:':', options:{}}`\n- `qsStringifyOptions` - object containing options to pass to the [qs.stringify](https://github.com/hapijs/qs#stringifying) method. Alternatively pass options to the  [querystring.stringify](https://nodejs.org/docs/v0.12.0/api/querystring.html#querystring_querystring_stringify_obj_sep_eq_options) method using this format `{sep:';', eq:':', options:{}}`. For example, to change the way arrays are converted to query strings using the `qs` module pass the `arrayFormat` option with one of `indices|brackets|repeat`\n- `useQuerystring` - if true, use `querystring` to stringify and parse\n  querystrings, otherwise use `qs` (default: `false`). Set this option to\n  `true` if you need arrays to be serialized as `foo=bar&foo=baz` instead of the\n  default `foo[0]=bar&foo[1]=baz`.\n\n---\n\n- `body` - entity body for PATCH, POST and PUT requests. Must be a `Buffer`, `String` or `ReadStream`. If `json` is `true`, then `body` must be a JSON-serializable object.\n- `form` - when passed an object or a querystring, this sets `body` to a querystring representation of value, and adds `Content-type: application/x-www-form-urlencoded` header. When passed no options, a `FormData` instance is returned (and is piped to request). See \"Forms\" section above.\n- `formData` - data to pass for a `multipart/form-data` request. See\n  [Forms](#forms) section above.\n- `multipart` - array of objects which contain their own headers and `body`\n  attributes. Sends a `multipart/related` request. See [Forms](#forms) section\n  above.\n  - Alternatively you can pass in an object `{chunked: false, data: []}` where\n    `chunked` is used to specify whether the request is sent in\n    [chunked transfer encoding](https://en.wikipedia.org/wiki/Chunked_transfer_encoding)\n    In non-chunked requests, data items with body streams are not allowed.\n- `preambleCRLF` - append a newline/CRLF before the boundary of your `multipart/form-data` request.\n- `postambleCRLF` - append a newline/CRLF at the end of the boundary of your `multipart/form-data` request.\n- `json` - sets `body` to JSON representation of value and adds `Content-type: application/json` header. Additionally, parses the response body as JSON.\n- `jsonReviver` - a [reviver function](https://developer.mozilla.org/en-US/docs/Web/JavaScript/Reference/Global_Objects/JSON/parse) that will be passed to `JSON.parse()` when parsing a JSON response body.\n- `jsonReplacer` - a [replacer function](https://developer.mozilla.org/en-US/docs/Web/JavaScript/Reference/Global_Objects/JSON/stringify) that will be passed to `JSON.stringify()` when stringifying a JSON request body.\n\n---\n\n- `auth` - a hash containing values `user` || `username`, `pass` || `password`, and `sendImmediately` (optional). See documentation above.\n- `oauth` - options for OAuth HMAC-SHA1 signing. See documentation above.\n- `hawk` - options for [Hawk signing](https://github.com/hueniverse/hawk). The `credentials` key must contain the necessary signing info, [see hawk docs for details](https://github.com/hueniverse/hawk#usage-example).\n- `aws` - `object` containing AWS signing information. Should have the properties `key`, `secret`, and optionally `session` (note that this only works for services that require session as part of the canonical string). Also requires the property `bucket`, unless you’re specifying your `bucket` as part of the path, or the request doesn’t use a bucket (i.e. GET Services). If you want to use AWS sign version 4 use the parameter `sign_version` with value `4` otherwise the default is version 2. If you are using SigV4, you can also include a `service` property that specifies the service name. **Note:** you need to `npm install aws4` first.\n- `httpSignature` - options for the [HTTP Signature Scheme](https://github.com/joyent/node-http-signature/blob/master/http_signing.md) using [Joyent's library](https://github.com/joyent/node-http-signature). The `keyId` and `key` properties must be specified. See the docs for other options.\n\n---\n\n- `followRedirect` - follow HTTP 3xx responses as redirects (default: `true`). This property can also be implemented as function which gets `response` object as a single argument and should return `true` if redirects should continue or `false` otherwise.\n- `followAllRedirects` - follow non-GET HTTP 3xx responses as redirects (default: `false`)\n- `followOriginalHttpMethod` - by default we redirect to HTTP method GET. you can enable this property to redirect to the original HTTP method (default: `false`)\n- `maxRedirects` - the maximum number of redirects to follow (default: `10`)\n- `removeRefererHeader` - removes the referer header when a redirect happens (default: `false`). **Note:** if true, referer header set in the initial request is preserved during redirect chain.\n\n---\n\n- `encoding` - encoding to be used on `setEncoding` of response data. If `null`, the `body` is returned as a `Buffer`. Anything else **(including the default value of `undefined`)** will be passed as the [encoding](http://nodejs.org/api/buffer.html#buffer_buffer) parameter to `toString()` (meaning this is effectively `utf8` by default). (**Note:** if you expect binary data, you should set `encoding: null`.)\n- `gzip` - if `true`, add an `Accept-Encoding` header to request compressed content encodings from the server (if not already present) and decode supported content encodings in the response. **Note:** Automatic decoding of the response content is performed on the body data returned through `request` (both through the `request` stream and passed to the callback function) but is not performed on the `response` stream (available from the `response` event) which is the unmodified `http.IncomingMessage` object which may contain compressed data. See example below.\n- `jar` - if `true`, remember cookies for future use (or define your custom cookie jar; see examples section)\n\n---\n\n- `agent` - `http(s).Agent` instance to use\n- `agentClass` - alternatively specify your agent's class name\n- `agentOptions` - and pass its options. **Note:** for HTTPS see [tls API doc for TLS/SSL options](http://nodejs.org/api/tls.html#tls_tls_connect_options_callback) and the [documentation above](#using-optionsagentoptions).\n- `forever` - set to `true` to use the [forever-agent](https://github.com/request/forever-agent) **Note:** Defaults to `http(s).Agent({keepAlive:true})` in node 0.12+\n- `pool` - an object describing which agents to use for the request. If this option is omitted the request will use the global agent (as long as your options allow for it). Otherwise, request will search the pool for your custom agent. If no custom agent is found, a new agent will be created and added to the pool. **Note:** `pool` is used only when the `agent` option is not specified.\n  - A `maxSockets` property can also be provided on the `pool` object to set the max number of sockets for all agents created (ex: `pool: {maxSockets: Infinity}`).\n  - Note that if you are sending multiple requests in a loop and creating\n    multiple new `pool` objects, `maxSockets` will not work as intended. To\n    work around this, either use [`request.defaults`](#requestdefaultsoptions)\n    with your pool options or create the pool object with the `maxSockets`\n    property outside of the loop.\n- `timeout` - integer containing number of milliseconds, controls two timeouts.\n  - **Read timeout**: Time to wait for a server to send response headers (and start the response body) before aborting the request.\n  - **Connection timeout**: Sets the socket to timeout after `timeout` milliseconds of inactivity. Note that increasing the timeout beyond the OS-wide TCP connection timeout will not have any effect ([the default in Linux can be anywhere from 20-120 seconds][linux-timeout])\n\n[linux-timeout]: http://www.sekuda.com/overriding_the_default_linux_kernel_20_second_tcp_socket_connect_timeout\n\n---\n\n- `localAddress` - local interface to bind for network connections.\n- `proxy` - an HTTP proxy to be used. Supports proxy Auth with Basic Auth, identical to support for the `url` parameter (by embedding the auth info in the `uri`)\n- `strictSSL` - if `true`, requires SSL certificates be valid. **Note:** to use your own certificate authority, you need to specify an agent that was created with that CA as an option.\n- `tunnel` - controls the behavior of\n  [HTTP `CONNECT` tunneling](https://en.wikipedia.org/wiki/HTTP_tunnel#HTTP_CONNECT_tunneling)\n  as follows:\n   - `undefined` (default) - `true` if the destination is `https`, `false` otherwise\n   - `true` - always tunnel to the destination by making a `CONNECT` request to\n     the proxy\n   - `false` - request the destination as a `GET` request.\n- `proxyHeaderWhiteList` - a whitelist of headers to send to a\n  tunneling proxy.\n- `proxyHeaderExclusiveList` - a whitelist of headers to send\n  exclusively to a tunneling proxy and not to destination.\n\n---\n\n- `time` - if `true`, the request-response cycle (including all redirects) is timed at millisecond resolution. When set, the following properties are added to the response object:\n  - `elapsedTime` Duration of the entire request/response in milliseconds (*deprecated*).\n  - `responseStartTime` Timestamp when the response began (in Unix Epoch milliseconds) (*deprecated*).\n  - `timingStart` Timestamp of the start of the request (in Unix Epoch milliseconds).\n  - `timings` Contains event timestamps in millisecond resolution relative to `timingStart`. If there were redirects, the properties reflect the timings of the final request in the redirect chain:\n    - `socket` Relative timestamp when the [`http`](https://nodejs.org/api/http.html#http_event_socket) module's `socket` event fires. This happens when the socket is assigned to the request.\n    - `lookup` Relative timestamp when the [`net`](https://nodejs.org/api/net.html#net_event_lookup) module's `lookup` event fires. This happens when the DNS has been resolved.\n    - `connect`: Relative timestamp when the [`net`](https://nodejs.org/api/net.html#net_event_connect) module's `connect` event fires. This happens when the server acknowledges the TCP connection.\n    - `response`: Relative timestamp when the [`http`](https://nodejs.org/api/http.html#http_event_response) module's `response` event fires. This happens when the first bytes are received from the server.\n    - `end`: Relative timestamp when the last bytes of the response are received.\n  - `timingPhases` Contains the durations of each request phase. If there were redirects, the properties reflect the timings of the final request in the redirect chain:\n    - `wait`: Duration of socket initialization (`timings.socket`)\n    - `dns`: Duration of DNS lookup (`timings.lookup` - `timings.socket`)\n    - `tcp`: Duration of TCP connection (`timings.connect` - `timings.socket`)\n    - `firstByte`: Duration of HTTP server response (`timings.response` - `timings.connect`)\n    - `download`: Duration of HTTP download (`timings.end` - `timings.response`)\n    - `total`: Duration entire HTTP round-trip (`timings.end`)\n\n- `har` - a [HAR 1.2 Request Object](http://www.softwareishard.com/blog/har-12-spec/#request), will be processed from HAR format into options overwriting matching values *(see the [HAR 1.2 section](#support-for-har-12) for details)*\n- `callback` - alternatively pass the request's callback in the options object\n\nThe callback argument gets 3 arguments:\n\n1. An `error` when applicable (usually from [`http.ClientRequest`](http://nodejs.org/api/http.html#http_class_http_clientrequest) object)\n2. An [`http.IncomingMessage`](https://nodejs.org/api/http.html#http_class_http_incomingmessage) object (Response object)\n3. The third is the `response` body (`String` or `Buffer`, or JSON object if the `json` option is supplied)\n\n[back to top](#table-of-contents)\n\n\n---\n\n## Convenience methods\n\nThere are also shorthand methods for different HTTP METHODs and some other conveniences.\n\n\n### request.defaults(options)\n\nThis method **returns a wrapper** around the normal request API that defaults\nto whatever options you pass to it.\n\n**Note:** `request.defaults()` **does not** modify the global request API;\ninstead, it **returns a wrapper** that has your default settings applied to it.\n\n**Note:** You can call `.defaults()` on the wrapper that is returned from\n`request.defaults` to add/override defaults that were previously defaulted.\n\nFor example:\n```js\n//requests using baseRequest() will set the 'x-token' header\nconst baseRequest = request.defaults({\n  headers: {'x-token': 'my-token'}\n})\n\n//requests using specialRequest() will include the 'x-token' header set in\n//baseRequest and will also include the 'special' header\nconst specialRequest = baseRequest.defaults({\n  headers: {special: 'special value'}\n})\n```\n\n### request.METHOD()\n\nThese HTTP method convenience functions act just like `request()` but with a default method already set for you:\n\n- *request.get()*: Defaults to `method: \"GET\"`.\n- *request.post()*: Defaults to `method: \"POST\"`.\n- *request.put()*: Defaults to `method: \"PUT\"`.\n- *request.patch()*: Defaults to `method: \"PATCH\"`.\n- *request.del() / request.delete()*: Defaults to `method: \"DELETE\"`.\n- *request.head()*: Defaults to `method: \"HEAD\"`.\n- *request.options()*: Defaults to `method: \"OPTIONS\"`.\n\n### request.cookie()\n\nFunction that creates a new cookie.\n\n```js\nrequest.cookie('key1=value1')\n```\n### request.jar()\n\nFunction that creates a new cookie jar.\n\n```js\nrequest.jar()\n```\n\n### response.caseless.get('header-name')\n\nFunction that returns the specified response header field using a [case-insensitive match](https://tools.ietf.org/html/rfc7230#section-3.2)\n\n```js\nrequest('http://www.google.com', function (error, response, body) {\n  // print the Content-Type header even if the server returned it as 'content-type' (lowercase)\n  console.log('Content-Type is:', response.caseless.get('Content-Type')); \n});\n```\n\n[back to top](#table-of-contents)\n\n\n---\n\n\n## Debugging\n\nThere are at least three ways to debug the operation of `request`:\n\n1. Launch the node process like `NODE_DEBUG=request node script.js`\n   (`lib,request,otherlib` works too).\n\n2. Set `require('request').debug = true` at any time (this does the same thing\n   as #1).\n\n3. Use the [request-debug module](https://github.com/request/request-debug) to\n   view request and response headers and bodies.\n\n[back to top](#table-of-contents)\n\n\n---\n\n## Timeouts\n\nMost requests to external servers should have a timeout attached, in case the\nserver is not responding in a timely manner. Without a timeout, your code may\nhave a socket open/consume resources for minutes or more.\n\nThere are two main types of timeouts: **connection timeouts** and **read\ntimeouts**. A connect timeout occurs if the timeout is hit while your client is\nattempting to establish a connection to a remote machine (corresponding to the\n[connect() call][connect] on the socket). A read timeout occurs any time the\nserver is too slow to send back a part of the response.\n\nThese two situations have widely different implications for what went wrong\nwith the request, so it's useful to be able to distinguish them. You can detect\ntimeout errors by checking `err.code` for an 'ETIMEDOUT' value. Further, you\ncan detect whether the timeout was a connection timeout by checking if the\n`err.connect` property is set to `true`.\n\n```js\nrequest.get('http://10.255.255.1', {timeout: 1500}, function(err) {\n    console.log(err.code === 'ETIMEDOUT');\n    // Set to `true` if the timeout was a connection timeout, `false` or\n    // `undefined` otherwise.\n    console.log(err.connect === true);\n    process.exit(0);\n});\n```\n\n[connect]: http://linux.die.net/man/2/connect\n\n## Examples:\n\n```js\n  const request = require('request')\n    , rand = Math.floor(Math.random()*100000000).toString()\n    ;\n  request(\n    { method: 'PUT'\n    , uri: 'http://mikeal.iriscouch.com/testjs/' + rand\n    , multipart:\n      [ { 'content-type': 'application/json'\n        ,  body: JSON.stringify({foo: 'bar', _attachments: {'message.txt': {follows: true, length: 18, 'content_type': 'text/plain' }}})\n        }\n      , { body: 'I am an attachment' }\n      ]\n    }\n  , function (error, response, body) {\n      if(response.statusCode == 201){\n        console.log('document saved as: http://mikeal.iriscouch.com/testjs/'+ rand)\n      } else {\n        console.log('error: '+ response.statusCode)\n        console.log(body)\n      }\n    }\n  )\n```\n\nFor backwards-compatibility, response compression is not supported by default.\nTo accept gzip-compressed responses, set the `gzip` option to `true`. Note\nthat the body data passed through `request` is automatically decompressed\nwhile the response object is unmodified and will contain compressed data if\nthe server sent a compressed response.\n\n```js\n  const request = require('request')\n  request(\n    { method: 'GET'\n    , uri: 'http://www.google.com'\n    , gzip: true\n    }\n  , function (error, response, body) {\n      // body is the decompressed response body\n      console.log('server encoded the data as: ' + (response.headers['content-encoding'] || 'identity'))\n      console.log('the decoded data is: ' + body)\n    }\n  )\n  .on('data', function(data) {\n    // decompressed data as it is received\n    console.log('decoded chunk: ' + data)\n  })\n  .on('response', function(response) {\n    // unmodified http.IncomingMessage object\n    response.on('data', function(data) {\n      // compressed data as it is received\n      console.log('received ' + data.length + ' bytes of compressed data')\n    })\n  })\n```\n\nCookies are disabled by default (else, they would be used in subsequent requests). To enable cookies, set `jar` to `true` (either in `defaults` or `options`).\n\n```js\nconst request = request.defaults({jar: true})\nrequest('http://www.google.com', function () {\n  request('http://images.google.com')\n})\n```\n\nTo use a custom cookie jar (instead of `request`’s global cookie jar), set `jar` to an instance of `request.jar()` (either in `defaults` or `options`)\n\n```js\nconst j = request.jar()\nconst request = request.defaults({jar:j})\nrequest('http://www.google.com', function () {\n  request('http://images.google.com')\n})\n```\n\nOR\n\n```js\nconst j = request.jar();\nconst cookie = request.cookie('key1=value1');\nconst url = 'http://www.google.com';\nj.setCookie(cookie, url);\nrequest({url: url, jar: j}, function () {\n  request('http://images.google.com')\n})\n```\n\nTo use a custom cookie store (such as a\n[`FileCookieStore`](https://github.com/mitsuru/tough-cookie-filestore)\nwhich supports saving to and restoring from JSON files), pass it as a parameter\nto `request.jar()`:\n\n```js\nconst FileCookieStore = require('tough-cookie-filestore');\n// NOTE - currently the 'cookies.json' file must already exist!\nconst j = request.jar(new FileCookieStore('cookies.json'));\nrequest = request.defaults({ jar : j })\nrequest('http://www.google.com', function() {\n  request('http://images.google.com')\n})\n```\n\nThe cookie store must be a\n[`tough-cookie`](https://github.com/SalesforceEng/tough-cookie)\nstore and it must support synchronous operations; see the\n[`CookieStore` API docs](https://github.com/SalesforceEng/tough-cookie#api)\nfor details.\n\nTo inspect your cookie jar after a request:\n\n```js\nconst j = request.jar()\nrequest({url: 'http://www.google.com', jar: j}, function () {\n  const cookie_string = j.getCookieString(url); // \"key1=value1; key2=value2; ...\"\n  const cookies = j.getCookies(url);\n  // [{key: 'key1', value: 'value1', domain: \"www.google.com\", ...}, ...]\n})\n```\n\n[back to top](#table-of-contents)\n",
    "licenseText": "Apache License\n\nVersion 2.0, January 2004\n\nhttp://www.apache.org/licenses/\n\nTERMS AND CONDITIONS FOR USE, REPRODUCTION, AND DISTRIBUTION\n\n1. Definitions.\n\n\"License\" shall mean the terms and conditions for use, reproduction, and distribution as defined by Sections 1 through 9 of this document.\n\n\"Licensor\" shall mean the copyright owner or entity authorized by the copyright owner that is granting the License.\n\n\"Legal Entity\" shall mean the union of the acting entity and all other entities that control, are controlled by, or are under common control with that entity. For the purposes of this definition, \"control\" means (i) the power, direct or indirect, to cause the direction or management of such entity, whether by contract or otherwise, or (ii) ownership of fifty percent (50%) or more of the outstanding shares, or (iii) beneficial ownership of such entity.\n\n\"You\" (or \"Your\") shall mean an individual or Legal Entity exercising permissions granted by this License.\n\n\"Source\" form shall mean the preferred form for making modifications, including but not limited to software source code, documentation source, and configuration files.\n\n\"Object\" form shall mean any form resulting from mechanical transformation or translation of a Source form, including but not limited to compiled object code, generated documentation, and conversions to other media types.\n\n\"Work\" shall mean the work of authorship, whether in Source or Object form, made available under the License, as indicated by a copyright notice that is included in or attached to the work (an example is provided in the Appendix below).\n\n\"Derivative Works\" shall mean any work, whether in Source or Object form, that is based on (or derived from) the Work and for which the editorial revisions, annotations, elaborations, or other modifications represent, as a whole, an original work of authorship. For the purposes of this License, Derivative Works shall not include works that remain separable from, or merely link (or bind by name) to the interfaces of, the Work and Derivative Works thereof.\n\n\"Contribution\" shall mean any work of authorship, including the original version of the Work and any modifications or additions to that Work or Derivative Works thereof, that is intentionally submitted to Licensor for inclusion in the Work by the copyright owner or by an individual or Legal Entity authorized to submit on behalf of the copyright owner. For the purposes of this definition, \"submitted\" means any form of electronic, verbal, or written communication sent to the Licensor or its representatives, including but not limited to communication on electronic mailing lists, source code control systems, and issue tracking systems that are managed by, or on behalf of, the Licensor for the purpose of discussing and improving the Work, but excluding communication that is conspicuously marked or otherwise designated in writing by the copyright owner as \"Not a Contribution.\"\n\n\"Contributor\" shall mean Licensor and any individual or Legal Entity on behalf of whom a Contribution has been received by Licensor and subsequently incorporated within the Work.\n\n2. Grant of Copyright License. Subject to the terms and conditions of this License, each Contributor hereby grants to You a perpetual, worldwide, non-exclusive, no-charge, royalty-free, irrevocable copyright license to reproduce, prepare Derivative Works of, publicly display, publicly perform, sublicense, and distribute the Work and such Derivative Works in Source or Object form.\n\n3. Grant of Patent License. Subject to the terms and conditions of this License, each Contributor hereby grants to You a perpetual, worldwide, non-exclusive, no-charge, royalty-free, irrevocable (except as stated in this section) patent license to make, have made, use, offer to sell, sell, import, and otherwise transfer the Work, where such license applies only to those patent claims licensable by such Contributor that are necessarily infringed by their Contribution(s) alone or by combination of their Contribution(s) with the Work to which such Contribution(s) was submitted. If You institute patent litigation against any entity (including a cross-claim or counterclaim in a lawsuit) alleging that the Work or a Contribution incorporated within the Work constitutes direct or contributory patent infringement, then any patent licenses granted to You under this License for that Work shall terminate as of the date such litigation is filed.\n\n4. Redistribution. You may reproduce and distribute copies of the Work or Derivative Works thereof in any medium, with or without modifications, and in Source or Object form, provided that You meet the following conditions:\n\nYou must give any other recipients of the Work or Derivative Works a copy of this License; and\n\nYou must cause any modified files to carry prominent notices stating that You changed the files; and\n\nYou must retain, in the Source form of any Derivative Works that You distribute, all copyright, patent, trademark, and attribution notices from the Source form of the Work, excluding those notices that do not pertain to any part of the Derivative Works; and\n\nIf the Work includes a \"NOTICE\" text file as part of its distribution, then any Derivative Works that You distribute must include a readable copy of the attribution notices contained within such NOTICE file, excluding those notices that do not pertain to any part of the Derivative Works, in at least one of the following places: within a NOTICE text file distributed as part of the Derivative Works; within the Source form or documentation, if provided along with the Derivative Works; or, within a display generated by the Derivative Works, if and wherever such third-party notices normally appear. The contents of the NOTICE file are for informational purposes only and do not modify the License. You may add Your own attribution notices within Derivative Works that You distribute, alongside or as an addendum to the NOTICE text from the Work, provided that such additional attribution notices cannot be construed as modifying the License. You may add Your own copyright statement to Your modifications and may provide additional or different license terms and conditions for use, reproduction, or distribution of Your modifications, or for any such Derivative Works as a whole, provided Your use, reproduction, and distribution of the Work otherwise complies with the conditions stated in this License.\n\n5. Submission of Contributions. Unless You explicitly state otherwise, any Contribution intentionally submitted for inclusion in the Work by You to the Licensor shall be under the terms and conditions of this License, without any additional terms or conditions. Notwithstanding the above, nothing herein shall supersede or modify the terms of any separate license agreement you may have executed with Licensor regarding such Contributions.\n\n6. Trademarks. This License does not grant permission to use the trade names, trademarks, service marks, or product names of the Licensor, except as required for reasonable and customary use in describing the origin of the Work and reproducing the content of the NOTICE file.\n\n7. Disclaimer of Warranty. Unless required by applicable law or agreed to in writing, Licensor provides the Work (and each Contributor provides its Contributions) on an \"AS IS\" BASIS, WITHOUT WARRANTIES OR CONDITIONS OF ANY KIND, either express or implied, including, without limitation, any warranties or conditions of TITLE, NON-INFRINGEMENT, MERCHANTABILITY, or FITNESS FOR A PARTICULAR PURPOSE. You are solely responsible for determining the appropriateness of using or redistributing the Work and assume any risks associated with Your exercise of permissions under this License.\n\n8. Limitation of Liability. In no event and under no legal theory, whether in tort (including negligence), contract, or otherwise, unless required by applicable law (such as deliberate and grossly negligent acts) or agreed to in writing, shall any Contributor be liable to You for damages, including any direct, indirect, special, incidental, or consequential damages of any character arising as a result of this License or out of the use or inability to use the Work (including but not limited to damages for loss of goodwill, work stoppage, computer failure or malfunction, or any and all other commercial damages or losses), even if such Contributor has been advised of the possibility of such damages.\n\n9. Accepting Warranty or Additional Liability. While redistributing the Work or Derivative Works thereof, You may choose to offer, and charge a fee for, acceptance of support, warranty, indemnity, or other liability obligations and/or rights consistent with this License. However, in accepting such obligations, You may act only on Your own behalf and on Your sole responsibility, not on behalf of any other Contributor, and only if You agree to indemnify, defend, and hold each Contributor harmless for any liability incurred by, or claims asserted against, such Contributor by reason of your accepting any such warranty or additional liability.\n\nEND OF TERMS AND CONDITIONS"
  },
  "artifacts": [],
  "remote": {
    "resolved": "https://registry.yarnpkg.com/request/-/request-2.88.2.tgz#d73c918731cb5a87da047e207234146f664d12b3",
    "type": "tarball",
    "reference": "https://registry.yarnpkg.com/request/-/request-2.88.2.tgz",
    "hash": "d73c918731cb5a87da047e207234146f664d12b3",
    "registry": "npm",
    "packageName": "request"
  },
  "registry": "npm",
  "hash": "d73c918731cb5a87da047e207234146f664d12b3"
}