{
  "manifest": {
    "name": "get-stream",
    "version": "3.0.0",
    "description": "Get a stream as a string, buffer, or array",
    "license": "MIT",
    "repository": {
      "type": "git",
      "url": "https://github.com/sindresorhus/get-stream.git"
    },
    "author": {
      "name": "Sindre Sorhus",
      "email": "sindresorhus@gmail.com",
      "url": "sindresorhus.com"
    },
    "engines": {
      "node": ">=4"
    },
    "scripts": {
      "test": "xo && ava"
    },
    "files": [
      "index.js",
      "buffer-stream.js"
    ],
    "keywords": [
      "get",
      "stream",
      "promise",
      "concat",
      "string",
      "str",
      "text",
      "buffer",
      "read",
      "data",
      "consume",
      "readable",
      "readablestream",
      "array",
      "object",
      "obj"
    ],
    "devDependencies": {
      "ava": "*",
      "into-stream": "^3.0.0",
      "xo": "*"
    },
    "xo": {
      "esnext": true
    },
    "_registry": "npm",
    "_loc": "/Users/akshaynr/.hyper_plugins/cache/v1/npm-get-stream-3.0.0-8e943d1358dc37555054ecbe2edb05aa174ede14/package.json",
    "readmeFilename": "readme.md",
    "readme": "# get-stream [![Build Status](https://travis-ci.org/sindresorhus/get-stream.svg?branch=master)](https://travis-ci.org/sindresorhus/get-stream)\n\n> Get a stream as a string, buffer, or array\n\n\n## Install\n\n```\n$ npm install --save get-stream\n```\n\n\n## Usage\n\n```js\nconst fs = require('fs');\nconst getStream = require('get-stream');\nconst stream = fs.createReadStream('unicorn.txt');\n\ngetStream(stream).then(str => {\n\tconsole.log(str);\n\t/*\n\t              ,,))))))));,\n\t           __)))))))))))))),\n\t\\|/       -\\(((((''''((((((((.\n\t-*-==//////((''  .     `)))))),\n\t/|\\      ))| o    ;-.    '(((((                                  ,(,\n\t         ( `|    /  )    ;))))'                               ,_))^;(~\n\t            |   |   |   ,))((((_     _____------~~~-.        %,;(;(>';'~\n\t            o_);   ;    )))(((` ~---~  `::           \\      %%~~)(v;(`('~\n\t                  ;    ''''````         `:       `:::|\\,__,%%    );`'; ~\n\t                 |   _                )     /      `:|`----'     `-'\n\t           ______/\\/~    |                 /        /\n\t         /~;;.____/;;'  /          ___--,-(   `;;;/\n\t        / //  _;______;'------~~~~~    /;;/\\    /\n\t       //  | |                        / ;   \\;;,\\\n\t      (<_  | ;                      /',/-----'  _>\n\t       \\_| ||_                     //~;~~~~~~~~~\n\t           `\\_|                   (,~~\n\t                                   \\~\\\n\t                                    ~~\n\t*/\n});\n```\n\n\n## API\n\nThe methods returns a promise that resolves when the `end` event fires on the stream, indicating that there is no more data to be read. The stream is switched to flowing mode.\n\n### getStream(stream, [options])\n\nGet the `stream` as a string.\n\n#### options\n\n##### encoding\n\nType: `string`<br>\nDefault: `utf8`\n\n[Encoding](https://nodejs.org/api/buffer.html#buffer_buffer) of the incoming stream.\n\n##### maxBuffer\n\nType: `number`<br>\nDefault: `Infinity`\n\nMaximum length of the returned string. If it exceeds this value before the stream ends, the promise will be rejected.\n\n### getStream.buffer(stream, [options])\n\nGet the `stream` as a buffer.\n\nIt honors the `maxBuffer` option as above, but it refers to byte length rather than string length.\n\n### getStream.array(stream, [options])\n\nGet the `stream` as an array of values.\n\nIt honors both the `maxBuffer` and `encoding` options. The behavior changes slightly based on the encoding chosen:\n\n- When `encoding` is unset, it assumes an [object mode stream](https://nodesource.com/blog/understanding-object-streams/) and collects values emitted from `stream` unmodified. In this case `maxBuffer` refers to the number of items in the array (not the sum of their sizes).\n\n- When `encoding` is set to `buffer`, it collects an array of buffers. `maxBuffer` refers to the summed byte lengths of every buffer in the array.\n\n- When `encoding` is set to anything else, it collects an array of strings. `maxBuffer` refers to the summed character lengths of every string in the array.\n\n\n## Errors\n\nIf the input stream emits an `error` event, the promise will be rejected with the error. The buffered data will be attached to the `bufferedData` property of the error.\n\n```js\ngetStream(streamThatErrorsAtTheEnd('unicorn'))\n\t.catch(err => {\n\t\tconsole.log(err.bufferedData);\n\t\t//=> 'unicorn'\n\t});\n```\n\n\n## FAQ\n\n### How is this different from [`concat-stream`](https://github.com/maxogden/concat-stream)?\n\nThis module accepts a stream instead of being one and returns a promise instead of using a callback. The API is simpler and it only supports returning a string, buffer, or array. It doesn't have a fragile type inference. You explicitly choose what you want. And it doesn't depend on the huge `readable-stream` package.\n\n\n## Related\n\n- [get-stdin](https://github.com/sindresorhus/get-stdin) - Get stdin as a string or buffer\n\n\n## License\n\nMIT © [Sindre Sorhus](https://sindresorhus.com)\n",
    "licenseText": "The MIT License (MIT)\n\nCopyright (c) Sindre Sorhus <sindresorhus@gmail.com> (sindresorhus.com)\n\nPermission is hereby granted, free of charge, to any person obtaining a copy\nof this software and associated documentation files (the \"Software\"), to deal\nin the Software without restriction, including without limitation the rights\nto use, copy, modify, merge, publish, distribute, sublicense, and/or sell\ncopies of the Software, and to permit persons to whom the Software is\nfurnished to do so, subject to the following conditions:\n\nThe above copyright notice and this permission notice shall be included in\nall copies or substantial portions of the Software.\n\nTHE SOFTWARE IS PROVIDED \"AS IS\", WITHOUT WARRANTY OF ANY KIND, EXPRESS OR\nIMPLIED, INCLUDING BUT NOT LIMITED TO THE WARRANTIES OF MERCHANTABILITY,\nFITNESS FOR A PARTICULAR PURPOSE AND NONINFRINGEMENT. IN NO EVENT SHALL THE\nAUTHORS OR COPYRIGHT HOLDERS BE LIABLE FOR ANY CLAIM, DAMAGES OR OTHER\nLIABILITY, WHETHER IN AN ACTION OF CONTRACT, TORT OR OTHERWISE, ARISING FROM,\nOUT OF OR IN CONNECTION WITH THE SOFTWARE OR THE USE OR OTHER DEALINGS IN\nTHE SOFTWARE.\n"
  },
  "artifacts": [],
  "remote": {
    "resolved": "https://registry.yarnpkg.com/get-stream/-/get-stream-3.0.0.tgz#8e943d1358dc37555054ecbe2edb05aa174ede14",
    "type": "tarball",
    "reference": "https://registry.yarnpkg.com/get-stream/-/get-stream-3.0.0.tgz",
    "hash": "8e943d1358dc37555054ecbe2edb05aa174ede14",
    "registry": "npm",
    "packageName": "get-stream"
  },
  "registry": "npm",
  "hash": "8e943d1358dc37555054ecbe2edb05aa174ede14"
}