{
  "manifest": {
    "name": "has",
    "description": "Object.prototype.hasOwnProperty.call shortcut",
    "version": "1.0.3",
    "homepage": "https://github.com/tarruda/has",
    "author": {
      "name": "Thiago de Arruda",
      "email": "tpadilha84@gmail.com"
    },
    "contributors": [
      {
        "name": "Jordan Harband",
        "email": "ljharb@gmail.com",
        "url": "http://ljharb.codes"
      }
    ],
    "repository": {
      "type": "git",
      "url": "git://github.com/tarruda/has.git"
    },
    "bugs": {
      "url": "https://github.com/tarruda/has/issues"
    },
    "license": "MIT",
    "licenses": [
      {
        "type": "MIT",
        "url": "https://github.com/tarruda/has/blob/master/LICENSE-MIT"
      }
    ],
    "main": "./src",
    "dependencies": {
      "function-bind": "^1.1.1"
    },
    "devDependencies": {
      "@ljharb/eslint-config": "^12.2.1",
      "eslint": "^4.19.1",
      "tape": "^4.9.0"
    },
    "engines": {
      "node": ">= 0.4.0"
    },
    "scripts": {
      "lint": "eslint .",
      "pretest": "npm run lint",
      "test": "tape test"
    },
    "_registry": "npm",
    "_loc": "/Users/akshaynr/.hyper_plugins/cache/v1/npm-has-1.0.3-722d7cbfc1f6aa8241f16dd814e011e1f41e8796/package.json",
    "readmeFilename": "README.md",
    "readme": "# has\n\n> Object.prototype.hasOwnProperty.call shortcut\n\n## Installation\n\n```sh\nnpm install --save has\n```\n\n## Usage\n\n```js\nvar has = require('has');\n\nhas({}, 'hasOwnProperty'); // false\nhas(Object.prototype, 'hasOwnProperty'); // true\n```\n"
  },
  "artifacts": [],
  "remote": {
    "resolved": "https://registry.yarnpkg.com/has/-/has-1.0.3.tgz#722d7cbfc1f6aa8241f16dd814e011e1f41e8796",
    "type": "tarball",
    "reference": "https://registry.yarnpkg.com/has/-/has-1.0.3.tgz",
    "hash": "722d7cbfc1f6aa8241f16dd814e011e1f41e8796",
    "registry": "npm",
    "packageName": "has"
  },
  "registry": "npm",
  "hash": "722d7cbfc1f6aa8241f16dd814e011e1f41e8796"
}