{
  "manifest": {
    "name": "archy",
    "version": "1.0.0",
    "description": "render nested hierarchies `npm ls` style with unicode pipes",
    "main": "index.js",
    "devDependencies": {
      "tap": "~0.3.3",
      "tape": "~0.1.1"
    },
    "scripts": {
      "test": "tap test"
    },
    "testling": {
      "files": "test/*.js",
      "browsers": {
        "iexplore": [
          "6.0",
          "7.0",
          "8.0",
          "9.0"
        ],
        "chrome": [
          "20.0"
        ],
        "firefox": [
          "10.0",
          "15.0"
        ],
        "safari": [
          "5.1"
        ],
        "opera": [
          "12.0"
        ]
      }
    },
    "repository": {
      "type": "git",
      "url": "http://github.com/substack/node-archy.git"
    },
    "keywords": [
      "hierarchy",
      "npm ls",
      "unicode",
      "pretty",
      "print"
    ],
    "author": {
      "name": "James Halliday",
      "email": "mail@substack.net",
      "url": "http://substack.net"
    },
    "license": "MIT",
    "_registry": "npm",
    "_loc": "/Users/akshaynr/.hyper_plugins/cache/v1/npm-archy-1.0.0-f9c8c13757cc1dd7bc379ac77b2c62a5c2868c40/package.json",
    "readmeFilename": "readme.markdown",
    "readme": "# archy\n\nRender nested hierarchies `npm ls` style with unicode pipes.\n\n[![browser support](http://ci.testling.com/substack/node-archy.png)](http://ci.testling.com/substack/node-archy)\n\n[![build status](https://secure.travis-ci.org/substack/node-archy.png)](http://travis-ci.org/substack/node-archy)\n\n# example\n\n``` js\nvar archy = require('archy');\nvar s = archy({\n  label : 'beep',\n  nodes : [\n    'ity',\n    {\n      label : 'boop',\n      nodes : [\n        {\n          label : 'o_O',\n          nodes : [\n            {\n              label : 'oh',\n              nodes : [ 'hello', 'puny' ]\n            },\n            'human'\n          ]\n        },\n        'party\\ntime!'\n      ]\n    }\n  ]\n});\nconsole.log(s);\n```\n\noutput\n\n```\nbeep\n├── ity\n└─┬ boop\n  ├─┬ o_O\n  │ ├─┬ oh\n  │ │ ├── hello\n  │ │ └── puny\n  │ └── human\n  └── party\n      time!\n```\n\n# methods\n\nvar archy = require('archy')\n\n## archy(obj, prefix='', opts={})\n\nReturn a string representation of `obj` with unicode pipe characters like how\n`npm ls` looks.\n\n`obj` should be a tree of nested objects with `'label'` and `'nodes'` fields.\n`'label'` is a string of text to display at a node level and `'nodes'` is an\narray of the descendents of the current node.\n\nIf a node is a string, that string will be used as the `'label'` and an empty\narray of `'nodes'` will be used.\n\n`prefix` gets prepended to all the lines and is used by the algorithm to\nrecursively update.\n\nIf `'label'` has newlines they will be indented at the present indentation level\nwith the current prefix.\n\nTo disable unicode results in favor of all-ansi output set `opts.unicode` to\n`false`.\n\n# install\n\nWith [npm](http://npmjs.org) do:\n\n```\nnpm install archy\n```\n\n# license\n\nMIT\n",
    "licenseText": "This software is released under the MIT license:\n\nPermission is hereby granted, free of charge, to any person obtaining a copy of\nthis software and associated documentation files (the \"Software\"), to deal in\nthe Software without restriction, including without limitation the rights to\nuse, copy, modify, merge, publish, distribute, sublicense, and/or sell copies of\nthe Software, and to permit persons to whom the Software is furnished to do so,\nsubject to the following conditions:\n\nThe above copyright notice and this permission notice shall be included in all\ncopies or substantial portions of the Software.\n\nTHE SOFTWARE IS PROVIDED \"AS IS\", WITHOUT WARRANTY OF ANY KIND, EXPRESS OR\nIMPLIED, INCLUDING BUT NOT LIMITED TO THE WARRANTIES OF MERCHANTABILITY, FITNESS\nFOR A PARTICULAR PURPOSE AND NONINFRINGEMENT. IN NO EVENT SHALL THE AUTHORS OR\nCOPYRIGHT HOLDERS BE LIABLE FOR ANY CLAIM, DAMAGES OR OTHER LIABILITY, WHETHER\nIN AN ACTION OF CONTRACT, TORT OR OTHERWISE, ARISING FROM, OUT OF OR IN\nCONNECTION WITH THE SOFTWARE OR THE USE OR OTHER DEALINGS IN THE SOFTWARE.\n"
  },
  "artifacts": [],
  "remote": {
    "resolved": "https://registry.yarnpkg.com/archy/-/archy-1.0.0.tgz#f9c8c13757cc1dd7bc379ac77b2c62a5c2868c40",
    "type": "tarball",
    "reference": "https://registry.yarnpkg.com/archy/-/archy-1.0.0.tgz",
    "hash": "f9c8c13757cc1dd7bc379ac77b2c62a5c2868c40",
    "registry": "npm",
    "packageName": "archy"
  },
  "registry": "npm",
  "hash": "f9c8c13757cc1dd7bc379ac77b2c62a5c2868c40"
}