{
  "manifest": {
    "name": "detect-indent",
    "version": "5.0.0",
    "description": "Detect the indentation of code",
    "license": "MIT",
    "repository": {
      "type": "git",
      "url": "https://github.com/sindresorhus/detect-indent.git"
    },
    "author": {
      "name": "Sindre Sorhus",
      "email": "sindresorhus@gmail.com",
      "url": "sindresorhus.com"
    },
    "engines": {
      "node": ">=4"
    },
    "scripts": {
      "test": "xo && ava"
    },
    "files": [
      "index.js"
    ],
    "keywords": [
      "indent",
      "indentation",
      "detect",
      "infer",
      "identify",
      "code",
      "string",
      "text",
      "source",
      "space",
      "tab"
    ],
    "devDependencies": {
      "ava": "*",
      "xo": "*"
    },
    "xo": {
      "esnext": true
    },
    "_registry": "npm",
    "_loc": "/Users/akshaynr/.hyper_plugins/cache/v1/npm-detect-indent-5.0.0-3871cc0a6a002e8c3e5b3cf7f336264675f06b9d/package.json",
    "readmeFilename": "readme.md",
    "readme": "# detect-indent [![Build Status](https://travis-ci.org/sindresorhus/detect-indent.svg?branch=master)](https://travis-ci.org/sindresorhus/detect-indent)\n\n> Detect the indentation of code\n\nPass in a string of any kind of text and get the indentation.\n\n\n## Use cases\n\n- Persisting the indentation when modifying a file.\n- Have new content match the existing indentation.\n- Setting the right indentation in your editor.\n\n\n## Install\n\n```\n$ npm install --save detect-indent\n```\n\n\n## Usage\n\nHere we modify a JSON file while persisting the indentation:\n\n```js\nconst fs = require('fs');\nconst detectIndent = require('detect-indent');\n\n/*\n{\n    \"ilove\": \"pizza\"\n}\n*/\nconst file = fs.readFileSync('foo.json', 'utf8');\n\n// tries to detect the indentation and falls back to a default if it can't\nconst indent = detectIndent(file).indent || '    ';\n\nconst json = JSON.parse(file);\n\njson.ilove = 'unicorns';\n\nfs.writeFileSync('foo.json', JSON.stringify(json, null, indent));\n/*\n{\n    \"ilove\": \"unicorns\"\n}\n*/\n```\n\n\n## API\n\nAccepts a string and returns an object with stats about the indentation:\n\n* `amount` {number} - Amount of indentation, for example `2`\n* `type` {string|null} - Type of indentation. Possible values are `tab`, `space` or `null` if no indentation is detected\n* `indent` {string} - Actual indentation\n\n\n## Algorithm\n\nThe current algorithm looks for the most common difference between two consecutive non-empty lines.\n\nIn the following example, even if the 4-space indentation is used 3 times whereas the 2-space one is used 2 times, it is detected as less used because there were only 2 differences with this value instead of 4 for the 2-space indentation:\n\n```css\nhtml {\n  box-sizing: border-box;\n}\n\nbody {\n  background: gray;\n}\n\np {\n    line-height: 1.3em;\n    margin-top: 1em;\n    text-indent: 2em;\n}\n```\n\n[Source.](https://medium.com/@heatherarthur/detecting-code-indentation-eff3ed0fb56b#3918)\n\nFurthermore, if there are more than one most used difference, the indentation with the most lines is selected.\n\nIn the following example, the indentation is detected as 4-spaces:\n\n```css\nbody {\n  background: gray;\n}\n\np {\n    line-height: 1.3em;\n    margin-top: 1em;\n    text-indent: 2em;\n}\n```\n\n\n## Related\n\n- [detect-indent-cli](https://github.com/sindresorhus/detect-indent-cli) - CLI for this module\n- [detect-newline](https://github.com/sindresorhus/detect-newline) - Detect the dominant newline character of a string\n\n\n## License\n\nMIT © [Sindre Sorhus](https://sindresorhus.com)\n",
    "licenseText": "The MIT License (MIT)\n\nCopyright (c) Sindre Sorhus <sindresorhus@gmail.com> (sindresorhus.com)\n\nPermission is hereby granted, free of charge, to any person obtaining a copy\nof this software and associated documentation files (the \"Software\"), to deal\nin the Software without restriction, including without limitation the rights\nto use, copy, modify, merge, publish, distribute, sublicense, and/or sell\ncopies of the Software, and to permit persons to whom the Software is\nfurnished to do so, subject to the following conditions:\n\nThe above copyright notice and this permission notice shall be included in\nall copies or substantial portions of the Software.\n\nTHE SOFTWARE IS PROVIDED \"AS IS\", WITHOUT WARRANTY OF ANY KIND, EXPRESS OR\nIMPLIED, INCLUDING BUT NOT LIMITED TO THE WARRANTIES OF MERCHANTABILITY,\nFITNESS FOR A PARTICULAR PURPOSE AND NONINFRINGEMENT. IN NO EVENT SHALL THE\nAUTHORS OR COPYRIGHT HOLDERS BE LIABLE FOR ANY CLAIM, DAMAGES OR OTHER\nLIABILITY, WHETHER IN AN ACTION OF CONTRACT, TORT OR OTHERWISE, ARISING FROM,\nOUT OF OR IN CONNECTION WITH THE SOFTWARE OR THE USE OR OTHER DEALINGS IN\nTHE SOFTWARE.\n"
  },
  "artifacts": [],
  "remote": {
    "resolved": "https://registry.yarnpkg.com/detect-indent/-/detect-indent-5.0.0.tgz#3871cc0a6a002e8c3e5b3cf7f336264675f06b9d",
    "type": "tarball",
    "reference": "https://registry.yarnpkg.com/detect-indent/-/detect-indent-5.0.0.tgz",
    "hash": "3871cc0a6a002e8c3e5b3cf7f336264675f06b9d",
    "registry": "npm",
    "packageName": "detect-indent"
  },
  "registry": "npm",
  "hash": "3871cc0a6a002e8c3e5b3cf7f336264675f06b9d"
}