{
  "manifest": {
    "name": "is-typedarray",
    "version": "1.0.0",
    "description": "Detect whether or not an object is a Typed Array",
    "main": "index.js",
    "scripts": {
      "test": "node test"
    },
    "author": {
      "name": "Hugh Kennedy",
      "email": "hughskennedy@gmail.com",
      "url": "http://hughsk.io/"
    },
    "license": "MIT",
    "dependencies": {},
    "devDependencies": {
      "tape": "^2.13.1"
    },
    "repository": {
      "type": "git",
      "url": "git://github.com/hughsk/is-typedarray.git"
    },
    "keywords": [
      "typed",
      "array",
      "detect",
      "is",
      "util"
    ],
    "bugs": {
      "url": "https://github.com/hughsk/is-typedarray/issues"
    },
    "homepage": "https://github.com/hughsk/is-typedarray",
    "_registry": "npm",
    "_loc": "/Users/akshaynr/.hyper_plugins/cache/v1/npm-is-typedarray-1.0.0-e479c80858df0c1b11ddda6940f96011fcda4a9a/package.json",
    "readmeFilename": "README.md",
    "readme": "# is-typedarray [![locked](http://badges.github.io/stability-badges/dist/locked.svg)](http://github.com/badges/stability-badges)\n\nDetect whether or not an object is a\n[Typed Array](https://developer.mozilla.org/en-US/docs/Web/JavaScript/Typed_arrays).\n\n## Usage\n\n[![NPM](https://nodei.co/npm/is-typedarray.png)](https://nodei.co/npm/is-typedarray/)\n\n### isTypedArray(array)\n\nReturns `true` when array is a Typed Array, and `false` when it is not.\n\n## License\n\nMIT. See [LICENSE.md](http://github.com/hughsk/is-typedarray/blob/master/LICENSE.md) for details.\n",
    "licenseText": "This software is released under the MIT license:\n\nPermission is hereby granted, free of charge, to any person obtaining a copy of\nthis software and associated documentation files (the \"Software\"), to deal in\nthe Software without restriction, including without limitation the rights to\nuse, copy, modify, merge, publish, distribute, sublicense, and/or sell copies of\nthe Software, and to permit persons to whom the Software is furnished to do so,\nsubject to the following conditions:\n\nThe above copyright notice and this permission notice shall be included in all\ncopies or substantial portions of the Software.\n\nTHE SOFTWARE IS PROVIDED \"AS IS\", WITHOUT WARRANTY OF ANY KIND, EXPRESS OR\nIMPLIED, INCLUDING BUT NOT LIMITED TO THE WARRANTIES OF MERCHANTABILITY, FITNESS\nFOR A PARTICULAR PURPOSE AND NONINFRINGEMENT. IN NO EVENT SHALL THE AUTHORS OR\nCOPYRIGHT HOLDERS BE LIABLE FOR ANY CLAIM, DAMAGES OR OTHER LIABILITY, WHETHER\nIN AN ACTION OF CONTRACT, TORT OR OTHERWISE, ARISING FROM, OUT OF OR IN\nCONNECTION WITH THE SOFTWARE OR THE USE OR OTHER DEALINGS IN THE SOFTWARE.\n"
  },
  "artifacts": [],
  "remote": {
    "resolved": "https://registry.yarnpkg.com/is-typedarray/-/is-typedarray-1.0.0.tgz#e479c80858df0c1b11ddda6940f96011fcda4a9a",
    "type": "tarball",
    "reference": "https://registry.yarnpkg.com/is-typedarray/-/is-typedarray-1.0.0.tgz",
    "hash": "e479c80858df0c1b11ddda6940f96011fcda4a9a",
    "registry": "npm",
    "packageName": "is-typedarray"
  },
  "registry": "npm",
  "hash": "e479c80858df0c1b11ddda6940f96011fcda4a9a"
}