{
  "manifest": {
    "name": "object-keys",
    "version": "1.1.1",
    "author": {
      "name": "Jordan Harband",
      "email": "ljharb@gmail.com",
      "url": "http://ljharb.codes"
    },
    "contributors": [
      {
        "name": "Jordan Harband",
        "email": "ljharb@gmail.com",
        "url": "http://ljharb.codes"
      },
      {
        "name": "Raynos",
        "email": "raynos2@gmail.com"
      },
      {
        "name": "Nathan Rajlich",
        "email": "nathan@tootallnate.net"
      },
      {
        "name": "Ivan Starkov",
        "email": "istarkov@gmail.com"
      },
      {
        "name": "Gary Katsevman",
        "email": "git@gkatsev.com"
      }
    ],
    "description": "An Object.keys replacement, in case Object.keys is not available. From https://github.com/es-shims/es5-shim",
    "license": "MIT",
    "main": "index.js",
    "scripts": {
      "pretest": "npm run --silent lint",
      "test": "npm run --silent tests-only",
      "posttest": "npm run --silent audit",
      "tests-only": "node test/index.js",
      "coverage": "covert test/*.js",
      "coverage-quiet": "covert test/*.js --quiet",
      "lint": "eslint .",
      "preaudit": "npm install --package-lock --package-lock-only",
      "audit": "npm audit",
      "postaudit": "rm package-lock.json"
    },
    "repository": {
      "type": "git",
      "url": "git://github.com/ljharb/object-keys.git"
    },
    "keywords": [
      "Object.keys",
      "keys",
      "ES5",
      "shim"
    ],
    "dependencies": {},
    "devDependencies": {
      "@ljharb/eslint-config": "^13.1.1",
      "covert": "^1.1.1",
      "eslint": "^5.13.0",
      "foreach": "^2.0.5",
      "indexof": "^0.0.1",
      "is": "^3.3.0",
      "tape": "^4.9.2"
    },
    "testling": {
      "files": "test/index.js",
      "browsers": [
        "iexplore/6.0..latest",
        "firefox/3.0..6.0",
        "firefox/15.0..latest",
        "firefox/nightly",
        "chrome/4.0..10.0",
        "chrome/20.0..latest",
        "chrome/canary",
        "opera/10.0..latest",
        "opera/next",
        "safari/4.0..latest",
        "ipad/6.0..latest",
        "iphone/6.0..latest",
        "android-browser/4.2"
      ]
    },
    "engines": {
      "node": ">= 0.4"
    },
    "_registry": "npm",
    "_loc": "/Users/akshaynr/.hyper_plugins/cache/v1/npm-object-keys-1.1.1-1c47f272df277f3b1daf061677d9c82e2322c60e/package.json",
    "readmeFilename": "README.md",
    "readme": "#object-keys <sup>[![Version Badge][npm-version-svg]][package-url]</sup>\n\n[![Build Status][travis-svg]][travis-url]\n[![dependency status][deps-svg]][deps-url]\n[![dev dependency status][dev-deps-svg]][dev-deps-url]\n[![License][license-image]][license-url]\n[![Downloads][downloads-image]][downloads-url]\n\n[![npm badge][npm-badge-png]][package-url]\n\n[![browser support][testling-svg]][testling-url]\n\nAn Object.keys shim. Invoke its \"shim\" method to shim Object.keys if it is unavailable.\n\nMost common usage:\n```js\nvar keys = Object.keys || require('object-keys');\n```\n\n## Example\n\n```js\nvar keys = require('object-keys');\nvar assert = require('assert');\nvar obj = {\n\ta: true,\n\tb: true,\n\tc: true\n};\n\nassert.deepEqual(keys(obj), ['a', 'b', 'c']);\n```\n\n```js\nvar keys = require('object-keys');\nvar assert = require('assert');\n/* when Object.keys is not present */\ndelete Object.keys;\nvar shimmedKeys = keys.shim();\nassert.equal(shimmedKeys, keys);\nassert.deepEqual(Object.keys(obj), keys(obj));\n```\n\n```js\nvar keys = require('object-keys');\nvar assert = require('assert');\n/* when Object.keys is present */\nvar shimmedKeys = keys.shim();\nassert.equal(shimmedKeys, Object.keys);\nassert.deepEqual(Object.keys(obj), keys(obj));\n```\n\n## Source\nImplementation taken directly from [es5-shim][es5-shim-url], with modifications, including from [lodash][lodash-url].\n\n## Tests\nSimply clone the repo, `npm install`, and run `npm test`\n\n[package-url]: https://npmjs.org/package/object-keys\n[npm-version-svg]: http://versionbadg.es/ljharb/object-keys.svg\n[travis-svg]: https://travis-ci.org/ljharb/object-keys.svg\n[travis-url]: https://travis-ci.org/ljharb/object-keys\n[deps-svg]: https://david-dm.org/ljharb/object-keys.svg\n[deps-url]: https://david-dm.org/ljharb/object-keys\n[dev-deps-svg]: https://david-dm.org/ljharb/object-keys/dev-status.svg\n[dev-deps-url]: https://david-dm.org/ljharb/object-keys#info=devDependencies\n[testling-svg]: https://ci.testling.com/ljharb/object-keys.png\n[testling-url]: https://ci.testling.com/ljharb/object-keys\n[es5-shim-url]: https://github.com/es-shims/es5-shim/blob/master/es5-shim.js#L542-589\n[lodash-url]: https://github.com/lodash/lodash\n[npm-badge-png]: https://nodei.co/npm/object-keys.png?downloads=true&stars=true\n[license-image]: http://img.shields.io/npm/l/object-keys.svg\n[license-url]: LICENSE\n[downloads-image]: http://img.shields.io/npm/dm/object-keys.svg\n[downloads-url]: http://npm-stat.com/charts.html?package=object-keys\n\n",
    "licenseText": "The MIT License (MIT)\n\nCopyright (C) 2013 Jordan Harband\n\nPermission is hereby granted, free of charge, to any person obtaining a copy\nof this software and associated documentation files (the \"Software\"), to deal\nin the Software without restriction, including without limitation the rights\nto use, copy, modify, merge, publish, distribute, sublicense, and/or sell\ncopies of the Software, and to permit persons to whom the Software is\nfurnished to do so, subject to the following conditions:\n\nThe above copyright notice and this permission notice shall be included in\nall copies or substantial portions of the Software.\n\nTHE SOFTWARE IS PROVIDED \"AS IS\", WITHOUT WARRANTY OF ANY KIND, EXPRESS OR\nIMPLIED, INCLUDING BUT NOT LIMITED TO THE WARRANTIES OF MERCHANTABILITY,\nFITNESS FOR A PARTICULAR PURPOSE AND NONINFRINGEMENT. IN NO EVENT SHALL THE\nAUTHORS OR COPYRIGHT HOLDERS BE LIABLE FOR ANY CLAIM, DAMAGES OR OTHER\nLIABILITY, WHETHER IN AN ACTION OF CONTRACT, TORT OR OTHERWISE, ARISING FROM,\nOUT OF OR IN CONNECTION WITH THE SOFTWARE OR THE USE OR OTHER DEALINGS IN\nTHE SOFTWARE."
  },
  "artifacts": [],
  "remote": {
    "resolved": "https://registry.yarnpkg.com/object-keys/-/object-keys-1.1.1.tgz#1c47f272df277f3b1daf061677d9c82e2322c60e",
    "type": "tarball",
    "reference": "https://registry.yarnpkg.com/object-keys/-/object-keys-1.1.1.tgz",
    "hash": "1c47f272df277f3b1daf061677d9c82e2322c60e",
    "registry": "npm",
    "packageName": "object-keys"
  },
  "registry": "npm",
  "hash": "1c47f272df277f3b1daf061677d9c82e2322c60e"
}