{
  "manifest": {
    "name": "spdx-expression-parse",
    "description": "parse SPDX license expressions",
    "version": "3.0.1",
    "author": {
      "name": "Kyle E. Mitchell",
      "email": "kyle@kemitchell.com",
      "url": "https://kemitchell.com"
    },
    "files": [
      "AUTHORS",
      "index.js",
      "parse.js",
      "scan.js"
    ],
    "dependencies": {
      "spdx-exceptions": "^2.1.0",
      "spdx-license-ids": "^3.0.0"
    },
    "devDependencies": {
      "defence-cli": "^3.0.1",
      "replace-require-self": "^1.0.0",
      "standard": "^14.1.0"
    },
    "keywords": [
      "SPDX",
      "law",
      "legal",
      "license",
      "metadata",
      "package",
      "package.json",
      "standards"
    ],
    "license": "MIT",
    "repository": {
      "type": "git",
      "url": "https://github.com/jslicense/spdx-expression-parse.js.git"
    },
    "scripts": {
      "lint": "standard",
      "test:readme": "defence -i javascript README.md | replace-require-self | node",
      "test:suite": "node test.js",
      "test": "npm run test:suite && npm run test:readme"
    },
    "_registry": "npm",
    "_loc": "/Users/akshaynr/.hyper_plugins/cache/v1/npm-spdx-expression-parse-3.0.1-cf70f50482eefdc98e3ce0a6833e4a53ceeba679/package.json",
    "contributors": [
      {
        "name": "C. Scott Ananian",
        "email": "cscott@cscott.net",
        "url": "http://cscott.net"
      },
      {
        "name": "Kyle E. Mitchell",
        "email": "kyle@kemitchell.com",
        "url": "https://kemitchell.com"
      },
      {
        "name": "Shinnosuke Watanabe",
        "email": "snnskwtnb@gmail.com"
      },
      {
        "name": "Antoine Motet",
        "email": "antoine.motet@gmail.com"
      }
    ],
    "readmeFilename": "README.md",
    "readme": "This package parses [SPDX license expression](https://spdx.org/spdx-specification-21-web-version#h.jxpfx0ykyb60) strings describing license terms, like [package.json license strings](https://docs.npmjs.com/files/package.json#license), into consistently structured ECMAScript objects.  The npm command-line interface depends on this package, as do many automatic license-audit tools.\n\nIn a nutshell:\n\n```javascript\nvar parse = require('spdx-expression-parse')\nvar assert = require('assert')\n\nassert.deepEqual(\n  // Licensed under the terms of the Two-Clause BSD License.\n  parse('BSD-2-Clause'),\n  {license: 'BSD-2-Clause'}\n)\n\nassert.throws(function () {\n  // An invalid SPDX license expression.\n  // Should be `Apache-2.0`.\n  parse('Apache 2')\n})\n\nassert.deepEqual(\n  // Dual licensed under either:\n  // - LGPL 2.1\n  // - a combination of Three-Clause BSD and MIT\n  parse('(LGPL-2.1 OR BSD-3-Clause AND MIT)'),\n  {\n    left: {license: 'LGPL-2.1'},\n    conjunction: 'or',\n    right: {\n      left: {license: 'BSD-3-Clause'},\n      conjunction: 'and',\n      right: {license: 'MIT'}\n    }\n  }\n)\n```\n\nThe syntax comes from the [Software Package Data eXchange (SPDX)](https://spdx.org/), a standard from the [Linux Foundation](https://www.linuxfoundation.org) for shareable data about software package license terms.  SPDX aims to make sharing and auditing license data easy, especially for users of open-source software.\n\nThe bulk of the SPDX standard describes syntax and semantics of XML metadata files.  This package implements two lightweight, plain-text components of that larger standard:\n\n1.  The [license list](https://spdx.org/licenses), a mapping from specific string identifiers, like `Apache-2.0`, to standard form license texts and bolt-on license exceptions.  The [spdx-license-ids](https://www.npmjs.com/package/spdx-license-ids) and [spdx-exceptions](https://www.npmjs.com/package/spdx-exceptions) packages implement the license list.  `spdx-expression-parse` depends on and `require()`s them.\n\n    Any license identifier from the license list is a valid license expression:\n\n    ```javascript\n    var identifiers = []\n      .concat(require('spdx-license-ids'))\n      .concat(require('spdx-license-ids/deprecated'))\n\n    identifiers.forEach(function (id) {\n      assert.deepEqual(parse(id), {license: id})\n    })\n    ```\n\n    So is any license identifier `WITH` a standardized license exception:\n\n    ```javascript\n    identifiers.forEach(function (id) {\n      require('spdx-exceptions').forEach(function (e) {\n        assert.deepEqual(\n          parse(id + ' WITH ' + e),\n          {license: id, exception: e}\n        )\n      })\n    })\n    ```\n\n2.  The license expression language, for describing simple and complex license terms, like `MIT` for MIT-licensed and `(GPL-2.0 OR Apache-2.0)` for dual-licensing under GPL 2.0 and Apache 2.0.  `spdx-expression-parse` itself implements license expression language, exporting a parser.\n\n    ```javascript\n    assert.deepEqual(\n      // Licensed under a combination of:\n      // - the MIT License AND\n      // - a combination of:\n      //   - LGPL 2.1 (or a later version) AND\n      //   - Three-Clause BSD\n      parse('(MIT AND (LGPL-2.1+ AND BSD-3-Clause))'),\n      {\n        left: {license: 'MIT'},\n        conjunction: 'and',\n        right: {\n          left: {license: 'LGPL-2.1', plus: true},\n          conjunction: 'and',\n          right: {license: 'BSD-3-Clause'}\n        }\n      }\n    )\n    ```\n\nThe Linux Foundation and its contributors license the SPDX standard under the terms of [the Creative Commons Attribution License 3.0 Unported (SPDX: \"CC-BY-3.0\")](http://spdx.org/licenses/CC-BY-3.0).  \"SPDX\" is a United States federally registered trademark of the Linux Foundation.  The authors of this package license their work under the terms of the MIT License.\n",
    "licenseText": "The MIT License\n\nCopyright (c) 2015 Kyle E. Mitchell & other authors listed in AUTHORS\n\nPermission is hereby granted, free of charge, to any person obtaining\na copy of this software and associated documentation files (the\n\"Software\"), to deal in the Software without restriction, including\nwithout limitation the rights to use, copy, modify, merge, publish,\ndistribute, sublicense, and/or sell copies of the Software, and to\npermit persons to whom the Software is furnished to do so, subject to\nthe following conditions:\n\nThe above copyright notice and this permission notice shall be included\nin all copies or substantial portions of the Software.\n\nTHE SOFTWARE IS PROVIDED \"AS IS\", WITHOUT WARRANTY OF ANY KIND,\nEXPRESS OR IMPLIED, INCLUDING BUT NOT LIMITED TO THE WARRANTIES OF\nMERCHANTABILITY, FITNESS FOR A PARTICULAR PURPOSE AND NONINFRINGEMENT.\nIN NO EVENT SHALL THE AUTHORS OR COPYRIGHT HOLDERS BE LIABLE FOR ANY\nCLAIM, DAMAGES OR OTHER LIABILITY, WHETHER IN AN ACTION OF CONTRACT,\nTORT OR OTHERWISE, ARISING FROM, OUT OF OR IN CONNECTION WITH THE\nSOFTWARE OR THE USE OR OTHER DEALINGS IN THE SOFTWARE.\n"
  },
  "artifacts": [],
  "remote": {
    "resolved": "https://registry.yarnpkg.com/spdx-expression-parse/-/spdx-expression-parse-3.0.1.tgz#cf70f50482eefdc98e3ce0a6833e4a53ceeba679",
    "type": "tarball",
    "reference": "https://registry.yarnpkg.com/spdx-expression-parse/-/spdx-expression-parse-3.0.1.tgz",
    "hash": "cf70f50482eefdc98e3ce0a6833e4a53ceeba679",
    "registry": "npm",
    "packageName": "spdx-expression-parse"
  },
  "registry": "npm",
  "hash": "cf70f50482eefdc98e3ce0a6833e4a53ceeba679"
}