{
  "manifest": {
    "name": "util-promisify",
    "version": "2.1.0",
    "license": "MIT",
    "description": "Node 8's util.promisify, as a node module",
    "repository": {
      "type": "git",
      "url": "https://github.com/juliangruber/util-promisify.git"
    },
    "scripts": {
      "test": "node test"
    },
    "dependencies": {
      "object.getownpropertydescriptors": "^2.0.3"
    },
    "_registry": "npm",
    "_loc": "/Users/akshaynr/.hyper_plugins/cache/v1/npm-util-promisify-2.1.0-3c2236476c4d32c5ff3c47002add7c13b9a82a53/package.json",
    "readmeFilename": "README.md",
    "readme": "\n# util-promisify\n\nNode 8's [`require('util').promisify`](https://nodejs.org/api/util.html#util_util_promisify_original) as a node module, so you can use it right now!\n\nSupports [all major node versions](https://github.com/nodejs/LTS#lts-schedule1).\n\n[![build status](https://travis-ci.org/juliangruber/util-promisify.svg?branch=master)](http://travis-ci.org/juliangruber/util-promisify)\n[![downloads](https://img.shields.io/npm/dm/util-promisify.svg)](https://www.npmjs.org/package/util-promisify)\n[![Greenkeeper badge](https://badges.greenkeeper.io/juliangruber/util-promisify.svg)](https://greenkeeper.io/)\n\n## Usage\n\n```js\nconst promisify = require('util-promisify');\nconst fs = require('fs');\n\nconst stat = promisify(fs.stat);\n\nstat('/tmp/').then(s => {\n  // ...\n});\n```\n\n## Installation\n\n```bash\n$ npm install util-promisify\n```\n\n## API\n\nSee `util.promisify`'s [API docs](https://nodejs.org/api/util.html#util_util_promisify_original).\n\n### promisify(original)\n### (Symbol) promisify.custom\n\nIf available, the Symbol is reexported from node core's `util` module.\n\n## License\n\nMIT\n",
    "licenseText": "Node.js is licensed for use as follows:\n\n\"\"\"\nCopyright Node.js contributors. All rights reserved.\n\nPermission is hereby granted, free of charge, to any person obtaining a copy\nof this software and associated documentation files (the \"Software\"), to\ndeal in the Software without restriction, including without limitation the\nrights to use, copy, modify, merge, publish, distribute, sublicense, and/or\nsell copies of the Software, and to permit persons to whom the Software is\nfurnished to do so, subject to the following conditions:\n\nThe above copyright notice and this permission notice shall be included in\nall copies or substantial portions of the Software.\n\nTHE SOFTWARE IS PROVIDED \"AS IS\", WITHOUT WARRANTY OF ANY KIND, EXPRESS OR\nIMPLIED, INCLUDING BUT NOT LIMITED TO THE WARRANTIES OF MERCHANTABILITY,\nFITNESS FOR A PARTICULAR PURPOSE AND NONINFRINGEMENT. IN NO EVENT SHALL THE\nAUTHORS OR COPYRIGHT HOLDERS BE LIABLE FOR ANY CLAIM, DAMAGES OR OTHER\nLIABILITY, WHETHER IN AN ACTION OF CONTRACT, TORT OR OTHERWISE, ARISING\nFROM, OUT OF OR IN CONNECTION WITH THE SOFTWARE OR THE USE OR OTHER DEALINGS\nIN THE SOFTWARE.\n\"\"\"\n\nThis license applies to parts of Node.js originating from the\nhttps://github.com/joyent/node repository:\n\n\"\"\"\nCopyright Joyent, Inc. and other Node contributors. All rights reserved.\nPermission is hereby granted, free of charge, to any person obtaining a copy\nof this software and associated documentation files (the \"Software\"), to\ndeal in the Software without restriction, including without limitation the\nrights to use, copy, modify, merge, publish, distribute, sublicense, and/or\nsell copies of the Software, and to permit persons to whom the Software is\nfurnished to do so, subject to the following conditions:\n\nThe above copyright notice and this permission notice shall be included in\nall copies or substantial portions of the Software.\n\nTHE SOFTWARE IS PROVIDED \"AS IS\", WITHOUT WARRANTY OF ANY KIND, EXPRESS OR\nIMPLIED, INCLUDING BUT NOT LIMITED TO THE WARRANTIES OF MERCHANTABILITY,\nFITNESS FOR A PARTICULAR PURPOSE AND NONINFRINGEMENT. IN NO EVENT SHALL THE\nAUTHORS OR COPYRIGHT HOLDERS BE LIABLE FOR ANY CLAIM, DAMAGES OR OTHER\nLIABILITY, WHETHER IN AN ACTION OF CONTRACT, TORT OR OTHERWISE, ARISING\nFROM, OUT OF OR IN CONNECTION WITH THE SOFTWARE OR THE USE OR OTHER DEALINGS\nIN THE SOFTWARE.\n\"\"\"\n\nThe Node.js license applies to all parts of Node.js that are not externally\nmaintained libraries.\n\nThe externally maintained libraries used by Node.js are:\n\n- c-ares, located at deps/cares, is licensed as follows:\n  \"\"\"\n    Copyright 1998 by the Massachusetts Institute of Technology.\n    Copyright (C) 2007-2013 by Daniel Stenberg\n\n    Permission to use, copy, modify, and distribute this\n    software and its documentation for any purpose and without\n    fee is hereby granted, provided that the above copyright\n    notice appear in all copies and that both that copyright\n    notice and this permission notice appear in supporting\n    documentation, and that the name of M.I.T. not be used in\n    advertising or publicity pertaining to distribution of the\n    software without specific, written prior permission.\n    M.I.T. makes no representations about the suitability of\n    this software for any purpose.  It is provided \"as is\"\n    without express or implied warranty.\n  \"\"\"\n\n- HTTP Parser, located at deps/http_parser, is licensed as follows:\n  \"\"\"\n    http_parser.c is based on src/http/ngx_http_parse.c from NGINX copyright\n    Igor Sysoev.\n\n    Additional changes are licensed under the same terms as NGINX and\n    copyright Joyent, Inc. and other Node contributors. All rights reserved.\n\n    Permission is hereby granted, free of charge, to any person obtaining a copy\n    of this software and associated documentation files (the \"Software\"), to\n    deal in the Software without restriction, including without limitation the\n    rights to use, copy, modify, merge, publish, distribute, sublicense, and/or\n    sell copies of the Software, and to permit persons to whom the Software is\n    furnished to do so, subject to the following conditions:\n\n    The above copyright notice and this permission notice shall be included in\n    all copies or substantial portions of the Software.\n\n    THE SOFTWARE IS PROVIDED \"AS IS\", WITHOUT WARRANTY OF ANY KIND, EXPRESS OR\n    IMPLIED, INCLUDING BUT NOT LIMITED TO THE WARRANTIES OF MERCHANTABILITY,\n    FITNESS FOR A PARTICULAR PURPOSE AND NONINFRINGEMENT. IN NO EVENT SHALL THE\n    AUTHORS OR COPYRIGHT HOLDERS BE LIABLE FOR ANY CLAIM, DAMAGES OR OTHER\n    LIABILITY, WHETHER IN AN ACTION OF CONTRACT, TORT OR OTHERWISE, ARISING\n    FROM, OUT OF OR IN CONNECTION WITH THE SOFTWARE OR THE USE OR OTHER DEALINGS\n    IN THE SOFTWARE.\n  \"\"\"\n\n- ICU, located at deps/icu-small, is licensed as follows:\n  \"\"\"\n    COPYRIGHT AND PERMISSION NOTICE (ICU 58 and later)\n\n    Copyright © 1991-2016 Unicode, Inc. All rights reserved.\n    Distributed under the Terms of Use in http://www.unicode.org/copyright.html\n\n    Permission is hereby granted, free of charge, to any person obtaining\n    a copy of the Unicode data files and any associated documentation\n    (the \"Data Files\") or Unicode software and any associated documentation\n    (the \"Software\") to deal in the Data Files or Software\n    without restriction, including without limitation the rights to use,\n    copy, modify, merge, publish, distribute, and/or sell copies of\n    the Data Files or Software, and to permit persons to whom the Data Files\n    or Software are furnished to do so, provided that either\n    (a) this copyright and permission notice appear with all copies\n    of the Data Files or Software, or\n    (b) this copyright and permission notice appear in associated\n    Documentation.\n\n    THE DATA FILES AND SOFTWARE ARE PROVIDED \"AS IS\", WITHOUT WARRANTY OF\n    ANY KIND, EXPRESS OR IMPLIED, INCLUDING BUT NOT LIMITED TO THE\n    WARRANTIES OF MERCHANTABILITY, FITNESS FOR A PARTICULAR PURPOSE AND\n    NONINFRINGEMENT OF THIRD PARTY RIGHTS.\n    IN NO EVENT SHALL THE COPYRIGHT HOLDER OR HOLDERS INCLUDED IN THIS\n    NOTICE BE LIABLE FOR ANY CLAIM, OR ANY SPECIAL INDIRECT OR CONSEQUENTIAL\n    DAMAGES, OR ANY DAMAGES WHATSOEVER RESULTING FROM LOSS OF USE,\n    DATA OR PROFITS, WHETHER IN AN ACTION OF CONTRACT, NEGLIGENCE OR OTHER\n    TORTIOUS ACTION, ARISING OUT OF OR IN CONNECTION WITH THE USE OR\n    PERFORMANCE OF THE DATA FILES OR SOFTWARE.\n\n    Except as contained in this notice, the name of a copyright holder\n    shall not be used in advertising or otherwise to promote the sale,\n    use or other dealings in these Data Files or Software without prior\n    written authorization of the copyright holder.\n\n    ---------------------\n\n    Third-Party Software Licenses\n\n    This section contains third-party software notices and/or additional\n    terms for licensed third-party software components included within ICU\n    libraries.\n\n    1. ICU License - ICU 1.8.1 to ICU 57.1\n\n    COPYRIGHT AND PERMISSION NOTICE\n\n    Copyright (c) 1995-2016 International Business Machines Corporation and others\n    All rights reserved.\n\n    Permission is hereby granted, free of charge, to any person obtaining\n    a copy of this software and associated documentation files (the\n    \"Software\"), to deal in the Software without restriction, including\n    without limitation the rights to use, copy, modify, merge, publish,\n    distribute, and/or sell copies of the Software, and to permit persons\n    to whom the Software is furnished to do so, provided that the above\n    copyright notice(s) and this permission notice appear in all copies of\n    the Software and that both the above copyright notice(s) and this\n    permission notice appear in supporting documentation.\n\n    THE SOFTWARE IS PROVIDED \"AS IS\", WITHOUT WARRANTY OF ANY KIND,\n    EXPRESS OR IMPLIED, INCLUDING BUT NOT LIMITED TO THE WARRANTIES OF\n    MERCHANTABILITY, FITNESS FOR A PARTICULAR PURPOSE AND NONINFRINGEMENT\n    OF THIRD PARTY RIGHTS. IN NO EVENT SHALL THE COPYRIGHT HOLDER OR\n    HOLDERS INCLUDED IN THIS NOTICE BE LIABLE FOR ANY CLAIM, OR ANY\n    SPECIAL INDIRECT OR CONSEQUENTIAL DAMAGES, OR ANY DAMAGES WHATSOEVER\n    RESULTING FROM LOSS OF USE, DATA OR PROFITS, WHETHER IN AN ACTION OF\n    CONTRACT, NEGLIGENCE OR OTHER TORTIOUS ACTION, ARISING OUT OF OR IN\n    CONNECTION WITH THE USE OR PERFORMANCE OF THIS SOFTWARE.\n\n    Except as contained in this notice, the name of a copyright holder\n    shall not be used in advertising or otherwise to promote the sale, use\n    or other dealings in this Software without prior written authorization\n    of the copyright holder.\n\n    All trademarks and registered trademarks mentioned herein are the\n    property of their respective owners.\n\n    2. Chinese/Japanese Word Break Dictionary Data (cjdict.txt)\n\n     #     The Google Chrome software developed by Google is licensed under\n     # the BSD license. Other software included in this distribution is\n     # provided under other licenses, as set forth below.\n     #\n     #  The BSD License\n     #  http://opensource.org/licenses/bsd-license.php\n     #  Copyright (C) 2006-2008, Google Inc.\n     #\n     #  All rights reserved.\n     #\n     #  Redistribution and use in source and binary forms, with or without\n     # modification, are permitted provided that the following conditions are met:\n     #\n     #  Redistributions of source code must retain the above copyright notice,\n     # this list of conditions and the following disclaimer.\n     #  Redistributions in binary form must reproduce the above\n     # copyright notice, this list of conditions and the following\n     # disclaimer in the documentation and/or other materials provided with\n     # the distribution.\n     #  Neither the name of  Google Inc. nor the names of its\n     # contributors may be used to endorse or promote products derived from\n     # this software without specific prior written permission.\n     #\n     #\n     #  THIS SOFTWARE IS PROVIDED BY THE COPYRIGHT HOLDERS AND\n     # CONTRIBUTORS \"AS IS\" AND ANY EXPRESS OR IMPLIED WARRANTIES,\n     # INCLUDING, BUT NOT LIMITED TO, THE IMPLIED WARRANTIES OF\n     # MERCHANTABILITY AND FITNESS FOR A PARTICULAR PURPOSE ARE\n     # DISCLAIMED. IN NO EVENT SHALL THE COPYRIGHT OWNER OR CONTRIBUTORS BE\n     # LIABLE FOR ANY DIRECT, INDIRECT, INCIDENTAL, SPECIAL, EXEMPLARY, OR\n     # CONSEQUENTIAL DAMAGES (INCLUDING, BUT NOT LIMITED TO, PROCUREMENT OF\n     # SUBSTITUTE GOODS OR SERVICES; LOSS OF USE, DATA, OR PROFITS; OR\n     # BUSINESS INTERRUPTION) HOWEVER CAUSED AND ON ANY THEORY OF\n     # LIABILITY, WHETHER IN CONTRACT, STRICT LIABILITY, OR TORT (INCLUDING\n     # NEGLIGENCE OR OTHERWISE) ARISING IN ANY WAY OUT OF THE USE OF THIS\n     # SOFTWARE, EVEN IF ADVISED OF THE POSSIBILITY OF SUCH DAMAGE.\n     #\n     #\n     #  The word list in cjdict.txt are generated by combining three word lists\n     # listed below with further processing for compound word breaking. The\n     # frequency is generated with an iterative training against Google web\n     # corpora.\n     #\n     #  * Libtabe (Chinese)\n     #    - https://sourceforge.net/project/?group_id=1519\n     #    - Its license terms and conditions are shown below.\n     #\n     #  * IPADIC (Japanese)\n     #    - http://chasen.aist-nara.ac.jp/chasen/distribution.html\n     #    - Its license terms and conditions are shown below.\n     #\n     #  ---------COPYING.libtabe ---- BEGIN--------------------\n     #\n     #  /*\n     #   * Copyrighy (c) 1999 TaBE Project.\n     #   * Copyright (c) 1999 Pai-Hsiang Hsiao.\n     #   * All rights reserved.\n     #   *\n     #   * Redistribution and use in source and binary forms, with or without\n     #   * modification, are permitted provided that the following conditions\n     #   * are met:\n     #   *\n     #   * . Redistributions of source code must retain the above copyright\n     #   *   notice, this list of conditions and the following disclaimer.\n     #   * . Redistributions in binary form must reproduce the above copyright\n     #   *   notice, this list of conditions and the following disclaimer in\n     #   *   the documentation and/or other materials provided with the\n     #   *   distribution.\n     #   * . Neither the name of the TaBE Project nor the names of its\n     #   *   contributors may be used to endorse or promote products derived\n     #   *   from this software without specific prior written permission.\n     #   *\n     #   * THIS SOFTWARE IS PROVIDED BY THE COPYRIGHT HOLDERS AND CONTRIBUTORS\n     #   * \"AS IS\" AND ANY EXPRESS OR IMPLIED WARRANTIES, INCLUDING, BUT NOT\n     #   * LIMITED TO, THE IMPLIED WARRANTIES OF MERCHANTABILITY AND FITNESS\n     #   * FOR A PARTICULAR PURPOSE ARE DISCLAIMED. IN NO EVENT SHALL THE\n     #   * REGENTS OR CONTRIBUTORS BE LIABLE FOR ANY DIRECT, INDIRECT,\n     #   * INCIDENTAL, SPECIAL, EXEMPLARY, OR CONSEQUENTIAL DAMAGES\n     #   * (INCLUDING, BUT NOT LIMITED TO, PROCUREMENT OF SUBSTITUTE GOODS OR\n     #   * SERVICES; LOSS OF USE, DATA, OR PROFITS; OR BUSINESS INTERRUPTION)\n     #   * HOWEVER CAUSED AND ON ANY THEORY OF LIABILITY, WHETHER IN CONTRACT,\n     #   * STRICT LIABILITY, OR TORT (INCLUDING NEGLIGENCE OR OTHERWISE)\n     #   * ARISING IN ANY WAY OUT OF THE USE OF THIS SOFTWARE, EVEN IF ADVISED\n     #   * OF THE POSSIBILITY OF SUCH DAMAGE.\n     #   */\n     #\n     #  /*\n     #   * Copyright (c) 1999 Computer Systems and Communication Lab,\n     #   *                    Institute of Information Science, Academia\n     #       *                    Sinica. All rights reserved.\n     #   *\n     #   * Redistribution and use in source and binary forms, with or without\n     #   * modification, are permitted provided that the following conditions\n     #   * are met:\n     #   *\n     #   * . Redistributions of source code must retain the above copyright\n     #   *   notice, this list of conditions and the following disclaimer.\n     #   * . Redistributions in binary form must reproduce the above copyright\n     #   *   notice, this list of conditions and the following disclaimer in\n     #   *   the documentation and/or other materials provided with the\n     #   *   distribution.\n     #   * . Neither the name of the Computer Systems and Communication Lab\n     #   *   nor the names of its contributors may be used to endorse or\n     #   *   promote products derived from this software without specific\n     #   *   prior written permission.\n     #   *\n     #   * THIS SOFTWARE IS PROVIDED BY THE COPYRIGHT HOLDERS AND CONTRIBUTORS\n     #   * \"AS IS\" AND ANY EXPRESS OR IMPLIED WARRANTIES, INCLUDING, BUT NOT\n     #   * LIMITED TO, THE IMPLIED WARRANTIES OF MERCHANTABILITY AND FITNESS\n     #   * FOR A PARTICULAR PURPOSE ARE DISCLAIMED. IN NO EVENT SHALL THE\n     #   * REGENTS OR CONTRIBUTORS BE LIABLE FOR ANY DIRECT, INDIRECT,\n     #   * INCIDENTAL, SPECIAL, EXEMPLARY, OR CONSEQUENTIAL DAMAGES\n     #   * (INCLUDING, BUT NOT LIMITED TO, PROCUREMENT OF SUBSTITUTE GOODS OR\n     #   * SERVICES; LOSS OF USE, DATA, OR PROFITS; OR BUSINESS INTERRUPTION)\n     #   * HOWEVER CAUSED AND ON ANY THEORY OF LIABILITY, WHETHER IN CONTRACT,\n     #   * STRICT LIABILITY, OR TORT (INCLUDING NEGLIGENCE OR OTHERWISE)\n     #   * ARISING IN ANY WAY OUT OF THE USE OF THIS SOFTWARE, EVEN IF ADVISED\n     #   * OF THE POSSIBILITY OF SUCH DAMAGE.\n     #   */\n     #\n     #  Copyright 1996 Chih-Hao Tsai @ Beckman Institute,\n     #      University of Illinois\n     #  c-tsai4@uiuc.edu  http://casper.beckman.uiuc.edu/~c-tsai4\n     #\n     #  ---------------COPYING.libtabe-----END--------------------------------\n     #\n     #\n     #  ---------------COPYING.ipadic-----BEGIN-------------------------------\n     #\n     #  Copyright 2000, 2001, 2002, 2003 Nara Institute of Science\n     #  and Technology.  All Rights Reserved.\n     #\n     #  Use, reproduction, and distribution of this software is permitted.\n     #  Any copy of this software, whether in its original form or modified,\n     #  must include both the above copyright notice and the following\n     #  paragraphs.\n     #\n     #  Nara Institute of Science and Technology (NAIST),\n     #  the copyright holders, disclaims all warranties with regard to this\n     #  software, including all implied warranties of merchantability and\n     #  fitness, in no event shall NAIST be liable for\n     #  any special, indirect or consequential damages or any damages\n     #  whatsoever resulting from loss of use, data or profits, whether in an\n     #  action of contract, negligence or other tortuous action, arising out\n     #  of or in connection with the use or performance of this software.\n     #\n     #  A large portion of the dictionary entries\n     #  originate from ICOT Free Software.  The following conditions for ICOT\n     #  Free Software applies to the current dictionary as well.\n     #\n     #  Each User may also freely distribute the Program, whether in its\n     #  original form or modified, to any third party or parties, PROVIDED\n     #  that the provisions of Section 3 (\"NO WARRANTY\") will ALWAYS appear\n     #  on, or be attached to, the Program, which is distributed substantially\n     #  in the same form as set out herein and that such intended\n     #  distribution, if actually made, will neither violate or otherwise\n     #  contravene any of the laws and regulations of the countries having\n     #  jurisdiction over the User or the intended distribution itself.\n     #\n     #  NO WARRANTY\n     #\n     #  The program was produced on an experimental basis in the course of the\n     #  research and development conducted during the project and is provided\n     #  to users as so produced on an experimental basis.  Accordingly, the\n     #  program is provided without any warranty whatsoever, whether express,\n     #  implied, statutory or otherwise.  The term \"warranty\" used herein\n     #  includes, but is not limited to, any warranty of the quality,\n     #  performance, merchantability and fitness for a particular purpose of\n     #  the program and the nonexistence of any infringement or violation of\n     #  any right of any third party.\n     #\n     #  Each user of the program will agree and understand, and be deemed to\n     #  have agreed and understood, that there is no warranty whatsoever for\n     #  the program and, accordingly, the entire risk arising from or\n     #  otherwise connected with the program is assumed by the user.\n     #\n     #  Therefore, neither ICOT, the copyright holder, or any other\n     #  organization that participated in or was otherwise related to the\n     #  development of the program and their respective officials, directors,\n     #  officers and other employees shall be held liable for any and all\n     #  damages, including, without limitation, general, special, incidental\n     #  and consequential damages, arising out of or otherwise in connection\n     #  with the use or inability to use the program or any product, material\n     #  or result produced or otherwise obtained by using the program,\n     #  regardless of whether they have been advised of, or otherwise had\n     #  knowledge of, the possibility of such damages at any time during the\n     #  project or thereafter.  Each user will be deemed to have agreed to the\n     #  foregoing by his or her commencement of use of the program.  The term\n     #  \"use\" as used herein includes, but is not limited to, the use,\n     #  modification, copying and distribution of the program and the\n     #  production of secondary products from the program.\n     #\n     #  In the case where the program, whether in its original form or\n     #  modified, was distributed or delivered to or received by a user from\n     #  any person, organization or entity other than ICOT, unless it makes or\n     #  grants independently of ICOT any specific warranty to the user in\n     #  writing, such person, organization or entity, will also be exempted\n     #  from and not be held liable to the user for any such damages as noted\n     #  above as far as the program is concerned.\n     #\n     #  ---------------COPYING.ipadic-----END----------------------------------\n\n    3. Lao Word Break Dictionary Data (laodict.txt)\n\n     #  Copyright (c) 2013 International Business Machines Corporation\n     #  and others. All Rights Reserved.\n     #\n     # Project: http://code.google.com/p/lao-dictionary/\n     # Dictionary: http://lao-dictionary.googlecode.com/git/Lao-Dictionary.txt\n     # License: http://lao-dictionary.googlecode.com/git/Lao-Dictionary-LICENSE.txt\n     #              (copied below)\n     #\n     #  This file is derived from the above dictionary, with slight\n     #  modifications.\n     #  ----------------------------------------------------------------------\n     #  Copyright (C) 2013 Brian Eugene Wilson, Robert Martin Campbell.\n     #  All rights reserved.\n     #\n     #  Redistribution and use in source and binary forms, with or without\n     #  modification,\n     #  are permitted provided that the following conditions are met:\n     #\n     #\n     # Redistributions of source code must retain the above copyright notice, this\n     #  list of conditions and the following disclaimer. Redistributions in\n     #  binary form must reproduce the above copyright notice, this list of\n     #  conditions and the following disclaimer in the documentation and/or\n     #  other materials provided with the distribution.\n     #\n     #\n     # THIS SOFTWARE IS PROVIDED BY THE COPYRIGHT HOLDERS AND CONTRIBUTORS\n     # \"AS IS\" AND ANY EXPRESS OR IMPLIED WARRANTIES, INCLUDING, BUT NOT\n     # LIMITED TO, THE IMPLIED WARRANTIES OF MERCHANTABILITY AND FITNESS\n     # FOR A PARTICULAR PURPOSE ARE DISCLAIMED. IN NO EVENT SHALL THE\n     # COPYRIGHT HOLDER OR CONTRIBUTORS BE LIABLE FOR ANY DIRECT,\n     # INDIRECT, INCIDENTAL, SPECIAL, EXEMPLARY, OR CONSEQUENTIAL DAMAGES\n     # (INCLUDING, BUT NOT LIMITED TO, PROCUREMENT OF SUBSTITUTE GOODS OR\n     # SERVICES; LOSS OF USE, DATA, OR PROFITS; OR BUSINESS INTERRUPTION)\n     # HOWEVER CAUSED AND ON ANY THEORY OF LIABILITY, WHETHER IN CONTRACT,\n     # STRICT LIABILITY, OR TORT (INCLUDING NEGLIGENCE OR OTHERWISE)\n     # ARISING IN ANY WAY OUT OF THE USE OF THIS SOFTWARE, EVEN IF ADVISED\n     # OF THE POSSIBILITY OF SUCH DAMAGE.\n     #  --------------------------------------------------------------------------\n\n    4. Burmese Word Break Dictionary Data (burmesedict.txt)\n\n     #  Copyright (c) 2014 International Business Machines Corporation\n     #  and others. All Rights Reserved.\n     #\n     #  This list is part of a project hosted at:\n     #    github.com/kanyawtech/myanmar-karen-word-lists\n     #\n     #  --------------------------------------------------------------------------\n     #  Copyright (c) 2013, LeRoy Benjamin Sharon\n     #  All rights reserved.\n     #\n     #  Redistribution and use in source and binary forms, with or without\n     #  modification, are permitted provided that the following conditions\n     #  are met: Redistributions of source code must retain the above\n     #  copyright notice, this list of conditions and the following\n     #  disclaimer.  Redistributions in binary form must reproduce the\n     #  above copyright notice, this list of conditions and the following\n     #  disclaimer in the documentation and/or other materials provided\n     #  with the distribution.\n     #\n     #    Neither the name Myanmar Karen Word Lists, nor the names of its\n     #    contributors may be used to endorse or promote products derived\n     #    from this software without specific prior written permission.\n     #\n     #  THIS SOFTWARE IS PROVIDED BY THE COPYRIGHT HOLDERS AND\n     #  CONTRIBUTORS \"AS IS\" AND ANY EXPRESS OR IMPLIED WARRANTIES,\n     #  INCLUDING, BUT NOT LIMITED TO, THE IMPLIED WARRANTIES OF\n     #  MERCHANTABILITY AND FITNESS FOR A PARTICULAR PURPOSE ARE\n     #  DISCLAIMED. IN NO EVENT SHALL THE COPYRIGHT HOLDER OR CONTRIBUTORS\n     #  BE LIABLE FOR ANY DIRECT, INDIRECT, INCIDENTAL, SPECIAL,\n     #  EXEMPLARY, OR CONSEQUENTIAL DAMAGES (INCLUDING, BUT NOT LIMITED\n     #  TO, PROCUREMENT OF SUBSTITUTE GOODS OR SERVICES; LOSS OF USE,\n     #  DATA, OR PROFITS; OR BUSINESS INTERRUPTION) HOWEVER CAUSED AND ON\n     #  ANY THEORY OF LIABILITY, WHETHER IN CONTRACT, STRICT LIABILITY, OR\n     #  TORT (INCLUDING NEGLIGENCE OR OTHERWISE) ARISING IN ANY WAY OUT OF\n     #  THE USE OF THIS SOFTWARE, EVEN IF ADVISED OF THE POSSIBILITY OF\n     #  SUCH DAMAGE.\n     #  --------------------------------------------------------------------------\n\n    5. Time Zone Database\n\n      ICU uses the public domain data and code derived from Time Zone\n    Database for its time zone support. The ownership of the TZ database\n    is explained in BCP 175: Procedure for Maintaining the Time Zone\n    Database section 7.\n\n     # 7.  Database Ownership\n     #\n     #    The TZ database itself is not an IETF Contribution or an IETF\n     #    document.  Rather it is a pre-existing and regularly updated work\n     #    that is in the public domain, and is intended to remain in the\n     #    public domain.  Therefore, BCPs 78 [RFC5378] and 79 [RFC3979] do\n     #    not apply to the TZ Database or contributions that individuals make\n     #    to it.  Should any claims be made and substantiated against the TZ\n     #    Database, the organization that is providing the IANA\n     #    Considerations defined in this RFC, under the memorandum of\n     #    understanding with the IETF, currently ICANN, may act in accordance\n     #    with all competent court orders.  No ownership claims will be made\n     #    by ICANN or the IETF Trust on the database or the code.  Any person\n     #    making a contribution to the database or code waives all rights to\n     #    future claims in that contribution or in the TZ Database.\n  \"\"\"\n\n- libuv, located at deps/uv, is licensed as follows:\n  \"\"\"\n    libuv is part of the Node project: http://nodejs.org/\n    libuv may be distributed alone under Node's license:\n\n    ====\n\n    Copyright Joyent, Inc. and other Node contributors. All rights reserved.\n    Permission is hereby granted, free of charge, to any person obtaining a copy\n    of this software and associated documentation files (the \"Software\"), to\n    deal in the Software without restriction, including without limitation the\n    rights to use, copy, modify, merge, publish, distribute, sublicense, and/or\n    sell copies of the Software, and to permit persons to whom the Software is\n    furnished to do so, subject to the following conditions:\n\n    The above copyright notice and this permission notice shall be included in\n    all copies or substantial portions of the Software.\n\n    THE SOFTWARE IS PROVIDED \"AS IS\", WITHOUT WARRANTY OF ANY KIND, EXPRESS OR\n    IMPLIED, INCLUDING BUT NOT LIMITED TO THE WARRANTIES OF MERCHANTABILITY,\n    FITNESS FOR A PARTICULAR PURPOSE AND NONINFRINGEMENT. IN NO EVENT SHALL THE\n    AUTHORS OR COPYRIGHT HOLDERS BE LIABLE FOR ANY CLAIM, DAMAGES OR OTHER\n    LIABILITY, WHETHER IN AN ACTION OF CONTRACT, TORT OR OTHERWISE, ARISING\n    FROM, OUT OF OR IN CONNECTION WITH THE SOFTWARE OR THE USE OR OTHER DEALINGS\n    IN THE SOFTWARE.\n\n    ====\n\n    This license applies to all parts of libuv that are not externally\n    maintained libraries.\n\n    The externally maintained libraries used by libuv are:\n\n      - tree.h (from FreeBSD), copyright Niels Provos. Two clause BSD license.\n\n      - inet_pton and inet_ntop implementations, contained in src/inet.c, are\n        copyright the Internet Systems Consortium, Inc., and licensed under the ISC\n        license.\n\n      - stdint-msvc2008.h (from msinttypes), copyright Alexander Chemeris. Three\n        clause BSD license.\n\n      - pthread-fixes.h, pthread-fixes.c, copyright Google Inc. and Sony Mobile\n        Communications AB. Three clause BSD license.\n\n      - android-ifaddrs.h, android-ifaddrs.c, copyright Berkeley Software Design\n        Inc, Kenneth MacKay and Emergya (Cloud4all, FP7/2007-2013, grant agreement\n        n° 289016). Three clause BSD license.\n  \"\"\"\n\n- OpenSSL, located at deps/openssl, is licensed as follows:\n  \"\"\"\n    Copyright (c) 1998-2016 The OpenSSL Project.  All rights reserved.\n\n    Redistribution and use in source and binary forms, with or without\n    modification, are permitted provided that the following conditions\n    are met:\n\n    1. Redistributions of source code must retain the above copyright\n    notice, this list of conditions and the following disclaimer.\n\n    2. Redistributions in binary form must reproduce the above copyright\n    notice, this list of conditions and the following disclaimer in\n    the documentation and/or other materials provided with the\n    distribution.\n\n    3. All advertising materials mentioning features or use of this\n    software must display the following acknowledgment:\n    \"This product includes software developed by the OpenSSL Project\n    for use in the OpenSSL Toolkit. (http://www.openssl.org/)\"\n\n    4. The names \"OpenSSL Toolkit\" and \"OpenSSL Project\" must not be used to\n    endorse or promote products derived from this software without\n    prior written permission. For written permission, please contact\n    openssl-core@openssl.org.\n\n    5. Products derived from this software may not be called \"OpenSSL\"\n    nor may \"OpenSSL\" appear in their names without prior written\n    permission of the OpenSSL Project.\n\n    6. Redistributions of any form whatsoever must retain the following\n    acknowledgment:\n    \"This product includes software developed by the OpenSSL Project\n    for use in the OpenSSL Toolkit (http://www.openssl.org/)\"\n\n    THIS SOFTWARE IS PROVIDED BY THE OpenSSL PROJECT ``AS IS'' AND ANY\n    EXPRESSED OR IMPLIED WARRANTIES, INCLUDING, BUT NOT LIMITED TO, THE\n    IMPLIED WARRANTIES OF MERCHANTABILITY AND FITNESS FOR A PARTICULAR\n    PURPOSE ARE DISCLAIMED.  IN NO EVENT SHALL THE OpenSSL PROJECT OR\n    ITS CONTRIBUTORS BE LIABLE FOR ANY DIRECT, INDIRECT, INCIDENTAL,\n    SPECIAL, EXEMPLARY, OR CONSEQUENTIAL DAMAGES (INCLUDING, BUT\n    NOT LIMITED TO, PROCUREMENT OF SUBSTITUTE GOODS OR SERVICES;\n    LOSS OF USE, DATA, OR PROFITS; OR BUSINESS INTERRUPTION)\n    HOWEVER CAUSED AND ON ANY THEORY OF LIABILITY, WHETHER IN CONTRACT,\n    STRICT LIABILITY, OR TORT (INCLUDING NEGLIGENCE OR OTHERWISE)\n    ARISING IN ANY WAY OUT OF THE USE OF THIS SOFTWARE, EVEN IF ADVISED\n    OF THE POSSIBILITY OF SUCH DAMAGE.\n    ====================================================================\n\n    This product includes cryptographic software written by Eric Young\n    (eay@cryptsoft.com).  This product includes software written by Tim\n    Hudson (tjh@cryptsoft.com).\n  \"\"\"\n\n- Punycode.js, located at lib/punycode.js, is licensed as follows:\n  \"\"\"\n    Copyright Mathias Bynens <https://mathiasbynens.be/>\n\n    Permission is hereby granted, free of charge, to any person obtaining\n    a copy of this software and associated documentation files (the\n    \"Software\"), to deal in the Software without restriction, including\n    without limitation the rights to use, copy, modify, merge, publish,\n    distribute, sublicense, and/or sell copies of the Software, and to\n    permit persons to whom the Software is furnished to do so, subject to\n    the following conditions:\n\n    The above copyright notice and this permission notice shall be\n    included in all copies or substantial portions of the Software.\n\n    THE SOFTWARE IS PROVIDED \"AS IS\", WITHOUT WARRANTY OF ANY KIND,\n    EXPRESS OR IMPLIED, INCLUDING BUT NOT LIMITED TO THE WARRANTIES OF\n    MERCHANTABILITY, FITNESS FOR A PARTICULAR PURPOSE AND\n    NONINFRINGEMENT. IN NO EVENT SHALL THE AUTHORS OR COPYRIGHT HOLDERS BE\n    LIABLE FOR ANY CLAIM, DAMAGES OR OTHER LIABILITY, WHETHER IN AN ACTION\n    OF CONTRACT, TORT OR OTHERWISE, ARISING FROM, OUT OF OR IN CONNECTION\n    WITH THE SOFTWARE OR THE USE OR OTHER DEALINGS IN THE SOFTWARE.\n  \"\"\"\n\n- V8, located at deps/v8, is licensed as follows:\n  \"\"\"\n    This license applies to all parts of V8 that are not externally\n    maintained libraries.  The externally maintained libraries used by V8\n    are:\n\n      - PCRE test suite, located in\n        test/mjsunit/third_party/regexp-pcre/regexp-pcre.js.  This is based on the\n        test suite from PCRE-7.3, which is copyrighted by the University\n        of Cambridge and Google, Inc.  The copyright notice and license\n        are embedded in regexp-pcre.js.\n\n      - Layout tests, located in test/mjsunit/third_party/object-keys.  These are\n        based on layout tests from webkit.org which are copyrighted by\n        Apple Computer, Inc. and released under a 3-clause BSD license.\n\n      - Strongtalk assembler, the basis of the files assembler-arm-inl.h,\n        assembler-arm.cc, assembler-arm.h, assembler-ia32-inl.h,\n        assembler-ia32.cc, assembler-ia32.h, assembler-x64-inl.h,\n        assembler-x64.cc, assembler-x64.h, assembler-mips-inl.h,\n        assembler-mips.cc, assembler-mips.h, assembler.cc and assembler.h.\n        This code is copyrighted by Sun Microsystems Inc. and released\n        under a 3-clause BSD license.\n\n      - Valgrind client API header, located at third_party/valgrind/valgrind.h\n        This is release under the BSD license.\n\n    These libraries have their own licenses; we recommend you read them,\n    as their terms may differ from the terms below.\n\n    Further license information can be found in LICENSE files located in\n    sub-directories.\n\n    Copyright 2014, the V8 project authors. All rights reserved.\n    Redistribution and use in source and binary forms, with or without\n    modification, are permitted provided that the following conditions are\n    met:\n\n        * Redistributions of source code must retain the above copyright\n          notice, this list of conditions and the following disclaimer.\n        * Redistributions in binary form must reproduce the above\n          copyright notice, this list of conditions and the following\n          disclaimer in the documentation and/or other materials provided\n          with the distribution.\n        * Neither the name of Google Inc. nor the names of its\n          contributors may be used to endorse or promote products derived\n          from this software without specific prior written permission.\n\n    THIS SOFTWARE IS PROVIDED BY THE COPYRIGHT HOLDERS AND CONTRIBUTORS\n    \"AS IS\" AND ANY EXPRESS OR IMPLIED WARRANTIES, INCLUDING, BUT NOT\n    LIMITED TO, THE IMPLIED WARRANTIES OF MERCHANTABILITY AND FITNESS FOR\n    A PARTICULAR PURPOSE ARE DISCLAIMED. IN NO EVENT SHALL THE COPYRIGHT\n    OWNER OR CONTRIBUTORS BE LIABLE FOR ANY DIRECT, INDIRECT, INCIDENTAL,\n    SPECIAL, EXEMPLARY, OR CONSEQUENTIAL DAMAGES (INCLUDING, BUT NOT\n    LIMITED TO, PROCUREMENT OF SUBSTITUTE GOODS OR SERVICES; LOSS OF USE,\n    DATA, OR PROFITS; OR BUSINESS INTERRUPTION) HOWEVER CAUSED AND ON ANY\n    THEORY OF LIABILITY, WHETHER IN CONTRACT, STRICT LIABILITY, OR TORT\n    (INCLUDING NEGLIGENCE OR OTHERWISE) ARISING IN ANY WAY OUT OF THE USE\n    OF THIS SOFTWARE, EVEN IF ADVISED OF THE POSSIBILITY OF SUCH DAMAGE.\n  \"\"\"\n\n- zlib, located at deps/zlib, is licensed as follows:\n  \"\"\"\n    zlib.h -- interface of the 'zlib' general purpose compression library\n    version 1.2.8, April 28th, 2013\n\n    Copyright (C) 1995-2013 Jean-loup Gailly and Mark Adler\n\n    This software is provided 'as-is', without any express or implied\n    warranty.  In no event will the authors be held liable for any damages\n    arising from the use of this software.\n\n    Permission is granted to anyone to use this software for any purpose,\n    including commercial applications, and to alter it and redistribute it\n    freely, subject to the following restrictions:\n\n    1. The origin of this software must not be misrepresented; you must not\n    claim that you wrote the original software. If you use this software\n    in a product, an acknowledgment in the product documentation would be\n    appreciated but is not required.\n    2. Altered source versions must be plainly marked as such, and must not be\n    misrepresented as being the original software.\n    3. This notice may not be removed or altered from any source distribution.\n\n    Jean-loup Gailly        Mark Adler\n    jloup@gzip.org          madler@alumni.caltech.edu\n  \"\"\"\n\n- npm, located at deps/npm, is licensed as follows:\n  \"\"\"\n    The npm application\n    Copyright (c) npm, Inc. and Contributors\n    Licensed on the terms of The Artistic License 2.0\n\n    Node package dependencies of the npm application\n    Copyright (c) their respective copyright owners\n    Licensed on their respective license terms\n\n    The npm public registry at https://registry.npmjs.org\n    and the npm website at https://www.npmjs.com\n    Operated by npm, Inc.\n    Use governed by terms published on https://www.npmjs.com\n\n    \"Node.js\"\n    Trademark Joyent, Inc., https://joyent.com\n    Neither npm nor npm, Inc. are affiliated with Joyent, Inc.\n\n    The Node.js application\n    Project of Node Foundation, https://nodejs.org\n\n    The npm Logo\n    Copyright (c) Mathias Pettersson and Brian Hammond\n\n    \"Gubblebum Blocky\" typeface\n    Copyright (c) Tjarda Koster, https://jelloween.deviantart.com\n    Used with permission\n\n    --------\n\n    The Artistic License 2.0\n\n    Copyright (c) 2000-2006, The Perl Foundation.\n\n    Everyone is permitted to copy and distribute verbatim copies\n    of this license document, but changing it is not allowed.\n\n    Preamble\n\n    This license establishes the terms under which a given free software\n    Package may be copied, modified, distributed, and/or redistributed.\n    The intent is that the Copyright Holder maintains some artistic\n    control over the development of that Package while still keeping the\n    Package available as open source and free software.\n\n    You are always permitted to make arrangements wholly outside of this\n    license directly with the Copyright Holder of a given Package.  If the\n    terms of this license do not permit the full use that you propose to\n    make of the Package, you should contact the Copyright Holder and seek\n    a different licensing arrangement.\n\n    Definitions\n\n        \"Copyright Holder\" means the individual(s) or organization(s)\n        named in the copyright notice for the entire Package.\n\n        \"Contributor\" means any party that has contributed code or other\n        material to the Package, in accordance with the Copyright Holder's\n        procedures.\n\n        \"You\" and \"your\" means any person who would like to copy,\n        distribute, or modify the Package.\n\n        \"Package\" means the collection of files distributed by the\n        Copyright Holder, and derivatives of that collection and/or of\n        those files. A given Package may consist of either the Standard\n        Version, or a Modified Version.\n\n        \"Distribute\" means providing a copy of the Package or making it\n        accessible to anyone else, or in the case of a company or\n        organization, to others outside of your company or organization.\n\n        \"Distributor Fee\" means any fee that you charge for Distributing\n        this Package or providing support for this Package to another\n        party.  It does not mean licensing fees.\n\n        \"Standard Version\" refers to the Package if it has not been\n        modified, or has been modified only in ways explicitly requested\n        by the Copyright Holder.\n\n        \"Modified Version\" means the Package, if it has been changed, and\n        such changes were not explicitly requested by the Copyright\n        Holder.\n\n        \"Original License\" means this Artistic License as Distributed with\n        the Standard Version of the Package, in its current version or as\n        it may be modified by The Perl Foundation in the future.\n\n        \"Source\" form means the source code, documentation source, and\n        configuration files for the Package.\n\n        \"Compiled\" form means the compiled bytecode, object code, binary,\n        or any other form resulting from mechanical transformation or\n        translation of the Source form.\n\n    Permission for Use and Modification Without Distribution\n\n    (1)  You are permitted to use the Standard Version and create and use\n    Modified Versions for any purpose without restriction, provided that\n    you do not Distribute the Modified Version.\n\n    Permissions for Redistribution of the Standard Version\n\n    (2)  You may Distribute verbatim copies of the Source form of the\n    Standard Version of this Package in any medium without restriction,\n    either gratis or for a Distributor Fee, provided that you duplicate\n    all of the original copyright notices and associated disclaimers.  At\n    your discretion, such verbatim copies may or may not include a\n    Compiled form of the Package.\n\n    (3)  You may apply any bug fixes, portability changes, and other\n    modifications made available from the Copyright Holder.  The resulting\n    Package will still be considered the Standard Version, and as such\n    will be subject to the Original License.\n\n    Distribution of Modified Versions of the Package as Source\n\n    (4)  You may Distribute your Modified Version as Source (either gratis\n    or for a Distributor Fee, and with or without a Compiled form of the\n    Modified Version) provided that you clearly document how it differs\n    from the Standard Version, including, but not limited to, documenting\n    any non-standard features, executables, or modules, and provided that\n    you do at least ONE of the following:\n\n        (a)  make the Modified Version available to the Copyright Holder\n        of the Standard Version, under the Original License, so that the\n        Copyright Holder may include your modifications in the Standard\n        Version.\n\n        (b)  ensure that installation of your Modified Version does not\n        prevent the user installing or running the Standard Version. In\n        addition, the Modified Version must bear a name that is different\n        from the name of the Standard Version.\n\n        (c)  allow anyone who receives a copy of the Modified Version to\n        make the Source form of the Modified Version available to others\n        under\n\n            (i)  the Original License or\n\n            (ii)  a license that permits the licensee to freely copy,\n            modify and redistribute the Modified Version using the same\n            licensing terms that apply to the copy that the licensee\n            received, and requires that the Source form of the Modified\n            Version, and of any works derived from it, be made freely\n            available in that license fees are prohibited but Distributor\n            Fees are allowed.\n\n    Distribution of Compiled Forms of the Standard Version\n    or Modified Versions without the Source\n\n    (5)  You may Distribute Compiled forms of the Standard Version without\n    the Source, provided that you include complete instructions on how to\n    get the Source of the Standard Version.  Such instructions must be\n    valid at the time of your distribution.  If these instructions, at any\n    time while you are carrying out such distribution, become invalid, you\n    must provide new instructions on demand or cease further distribution.\n    If you provide valid instructions or cease distribution within thirty\n    days after you become aware that the instructions are invalid, then\n    you do not forfeit any of your rights under this license.\n\n    (6)  You may Distribute a Modified Version in Compiled form without\n    the Source, provided that you comply with Section 4 with respect to\n    the Source of the Modified Version.\n\n    Aggregating or Linking the Package\n\n    (7)  You may aggregate the Package (either the Standard Version or\n    Modified Version) with other packages and Distribute the resulting\n    aggregation provided that you do not charge a licensing fee for the\n    Package.  Distributor Fees are permitted, and licensing fees for other\n    components in the aggregation are permitted. The terms of this license\n    apply to the use and Distribution of the Standard or Modified Versions\n    as included in the aggregation.\n\n    (8) You are permitted to link Modified and Standard Versions with\n    other works, to embed the Package in a larger work of your own, or to\n    build stand-alone binary or bytecode versions of applications that\n    include the Package, and Distribute the result without restriction,\n    provided the result does not expose a direct interface to the Package.\n\n    Items That are Not Considered Part of a Modified Version\n\n    (9) Works (including, but not limited to, modules and scripts) that\n    merely extend or make use of the Package, do not, by themselves, cause\n    the Package to be a Modified Version.  In addition, such works are not\n    considered parts of the Package itself, and are not subject to the\n    terms of this license.\n\n    General Provisions\n\n    (10)  Any use, modification, and distribution of the Standard or\n    Modified Versions is governed by this Artistic License. By using,\n    modifying or distributing the Package, you accept this license. Do not\n    use, modify, or distribute the Package, if you do not accept this\n    license.\n\n    (11)  If your Modified Version has been derived from a Modified\n    Version made by someone other than you, you are nevertheless required\n    to ensure that your Modified Version complies with the requirements of\n    this license.\n\n    (12)  This license does not grant you the right to use any trademark,\n    service mark, tradename, or logo of the Copyright Holder.\n\n    (13)  This license includes the non-exclusive, worldwide,\n    free-of-charge patent license to make, have made, use, offer to sell,\n    sell, import and otherwise transfer the Package with respect to any\n    patent claims licensable by the Copyright Holder that are necessarily\n    infringed by the Package. If you institute patent litigation\n    (including a cross-claim or counterclaim) against any party alleging\n    that the Package constitutes direct or contributory patent\n    infringement, then this Artistic License to you shall terminate on the\n    date that such litigation is filed.\n\n    (14)  Disclaimer of Warranty:\n    THE PACKAGE IS PROVIDED BY THE COPYRIGHT HOLDER AND CONTRIBUTORS \"AS\n    IS' AND WITHOUT ANY EXPRESS OR IMPLIED WARRANTIES. THE IMPLIED\n    WARRANTIES OF MERCHANTABILITY, FITNESS FOR A PARTICULAR PURPOSE, OR\n    NON-INFRINGEMENT ARE DISCLAIMED TO THE EXTENT PERMITTED BY YOUR LOCAL\n    LAW. UNLESS REQUIRED BY LAW, NO COPYRIGHT HOLDER OR CONTRIBUTOR WILL\n    BE LIABLE FOR ANY DIRECT, INDIRECT, INCIDENTAL, OR CONSEQUENTIAL\n    DAMAGES ARISING IN ANY WAY OUT OF THE USE OF THE PACKAGE, EVEN IF\n    ADVISED OF THE POSSIBILITY OF SUCH DAMAGE.\n\n    --------\n  \"\"\"\n\n- GYP, located at tools/gyp, is licensed as follows:\n  \"\"\"\n    Copyright (c) 2009 Google Inc. All rights reserved.\n\n    Redistribution and use in source and binary forms, with or without\n    modification, are permitted provided that the following conditions are\n    met:\n\n       * Redistributions of source code must retain the above copyright\n    notice, this list of conditions and the following disclaimer.\n       * Redistributions in binary form must reproduce the above\n    copyright notice, this list of conditions and the following disclaimer\n    in the documentation and/or other materials provided with the\n    distribution.\n       * Neither the name of Google Inc. nor the names of its\n    contributors may be used to endorse or promote products derived from\n    this software without specific prior written permission.\n\n    THIS SOFTWARE IS PROVIDED BY THE COPYRIGHT HOLDERS AND CONTRIBUTORS\n    \"AS IS\" AND ANY EXPRESS OR IMPLIED WARRANTIES, INCLUDING, BUT NOT\n    LIMITED TO, THE IMPLIED WARRANTIES OF MERCHANTABILITY AND FITNESS FOR\n    A PARTICULAR PURPOSE ARE DISCLAIMED. IN NO EVENT SHALL THE COPYRIGHT\n    OWNER OR CONTRIBUTORS BE LIABLE FOR ANY DIRECT, INDIRECT, INCIDENTAL,\n    SPECIAL, EXEMPLARY, OR CONSEQUENTIAL DAMAGES (INCLUDING, BUT NOT\n    LIMITED TO, PROCUREMENT OF SUBSTITUTE GOODS OR SERVICES; LOSS OF USE,\n    DATA, OR PROFITS; OR BUSINESS INTERRUPTION) HOWEVER CAUSED AND ON ANY\n    THEORY OF LIABILITY, WHETHER IN CONTRACT, STRICT LIABILITY, OR TORT\n    (INCLUDING NEGLIGENCE OR OTHERWISE) ARISING IN ANY WAY OUT OF THE USE\n    OF THIS SOFTWARE, EVEN IF ADVISED OF THE POSSIBILITY OF SUCH DAMAGE.\n  \"\"\"\n\n- marked, located at tools/doc/node_modules/marked, is licensed as follows:\n  \"\"\"\n    Copyright (c) 2011-2014, Christopher Jeffrey (https://github.com/chjj/)\n\n    Permission is hereby granted, free of charge, to any person obtaining a copy\n    of this software and associated documentation files (the \"Software\"), to deal\n    in the Software without restriction, including without limitation the rights\n    to use, copy, modify, merge, publish, distribute, sublicense, and/or sell\n    copies of the Software, and to permit persons to whom the Software is\n    furnished to do so, subject to the following conditions:\n\n    The above copyright notice and this permission notice shall be included in\n    all copies or substantial portions of the Software.\n\n    THE SOFTWARE IS PROVIDED \"AS IS\", WITHOUT WARRANTY OF ANY KIND, EXPRESS OR\n    IMPLIED, INCLUDING BUT NOT LIMITED TO THE WARRANTIES OF MERCHANTABILITY,\n    FITNESS FOR A PARTICULAR PURPOSE AND NONINFRINGEMENT. IN NO EVENT SHALL THE\n    AUTHORS OR COPYRIGHT HOLDERS BE LIABLE FOR ANY CLAIM, DAMAGES OR OTHER\n    LIABILITY, WHETHER IN AN ACTION OF CONTRACT, TORT OR OTHERWISE, ARISING FROM,\n    OUT OF OR IN CONNECTION WITH THE SOFTWARE OR THE USE OR OTHER DEALINGS IN\n    THE SOFTWARE.\n  \"\"\"\n\n- cpplint.py, located at tools/cpplint.py, is licensed as follows:\n  \"\"\"\n    Copyright (c) 2009 Google Inc. All rights reserved.\n\n    Redistribution and use in source and binary forms, with or without\n    modification, are permitted provided that the following conditions are\n    met:\n\n       * Redistributions of source code must retain the above copyright\n    notice, this list of conditions and the following disclaimer.\n       * Redistributions in binary form must reproduce the above\n    copyright notice, this list of conditions and the following disclaimer\n    in the documentation and/or other materials provided with the\n    distribution.\n       * Neither the name of Google Inc. nor the names of its\n    contributors may be used to endorse or promote products derived from\n    this software without specific prior written permission.\n\n    THIS SOFTWARE IS PROVIDED BY THE COPYRIGHT HOLDERS AND CONTRIBUTORS\n    \"AS IS\" AND ANY EXPRESS OR IMPLIED WARRANTIES, INCLUDING, BUT NOT\n    LIMITED TO, THE IMPLIED WARRANTIES OF MERCHANTABILITY AND FITNESS FOR\n    A PARTICULAR PURPOSE ARE DISCLAIMED. IN NO EVENT SHALL THE COPYRIGHT\n    OWNER OR CONTRIBUTORS BE LIABLE FOR ANY DIRECT, INDIRECT, INCIDENTAL,\n    SPECIAL, EXEMPLARY, OR CONSEQUENTIAL DAMAGES (INCLUDING, BUT NOT\n    LIMITED TO, PROCUREMENT OF SUBSTITUTE GOODS OR SERVICES; LOSS OF USE,\n    DATA, OR PROFITS; OR BUSINESS INTERRUPTION) HOWEVER CAUSED AND ON ANY\n    THEORY OF LIABILITY, WHETHER IN CONTRACT, STRICT LIABILITY, OR TORT\n    (INCLUDING NEGLIGENCE OR OTHERWISE) ARISING IN ANY WAY OUT OF THE USE\n    OF THIS SOFTWARE, EVEN IF ADVISED OF THE POSSIBILITY OF SUCH DAMAGE.\n  \"\"\"\n\n- ESLint, located at tools/eslint, is licensed as follows:\n  \"\"\"\n    ESLint\n    Copyright jQuery Foundation and other contributors, https://jquery.org/\n\n    Permission is hereby granted, free of charge, to any person obtaining a copy\n    of this software and associated documentation files (the \"Software\"), to deal\n    in the Software without restriction, including without limitation the rights\n    to use, copy, modify, merge, publish, distribute, sublicense, and/or sell\n    copies of the Software, and to permit persons to whom the Software is\n    furnished to do so, subject to the following conditions:\n\n    The above copyright notice and this permission notice shall be included in\n    all copies or substantial portions of the Software.\n\n    THE SOFTWARE IS PROVIDED \"AS IS\", WITHOUT WARRANTY OF ANY KIND, EXPRESS OR\n    IMPLIED, INCLUDING BUT NOT LIMITED TO THE WARRANTIES OF MERCHANTABILITY,\n    FITNESS FOR A PARTICULAR PURPOSE AND NONINFRINGEMENT. IN NO EVENT SHALL THE\n    AUTHORS OR COPYRIGHT HOLDERS BE LIABLE FOR ANY CLAIM, DAMAGES OR OTHER\n    LIABILITY, WHETHER IN AN ACTION OF CONTRACT, TORT OR OTHERWISE, ARISING FROM,\n    OUT OF OR IN CONNECTION WITH THE SOFTWARE OR THE USE OR OTHER DEALINGS IN\n    THE SOFTWARE.\n  \"\"\"\n\n- gtest, located at deps/gtest, is licensed as follows:\n  \"\"\"\n    Copyright 2008, Google Inc.\n    All rights reserved.\n\n    Redistribution and use in source and binary forms, with or without\n    modification, are permitted provided that the following conditions are\n    met:\n\n        * Redistributions of source code must retain the above copyright\n    notice, this list of conditions and the following disclaimer.\n        * Redistributions in binary form must reproduce the above\n    copyright notice, this list of conditions and the following disclaimer\n    in the documentation and/or other materials provided with the\n    distribution.\n        * Neither the name of Google Inc. nor the names of its\n    contributors may be used to endorse or promote products derived from\n    this software without specific prior written permission.\n\n    THIS SOFTWARE IS PROVIDED BY THE COPYRIGHT HOLDERS AND CONTRIBUTORS\n    \"AS IS\" AND ANY EXPRESS OR IMPLIED WARRANTIES, INCLUDING, BUT NOT\n    LIMITED TO, THE IMPLIED WARRANTIES OF MERCHANTABILITY AND FITNESS FOR\n    A PARTICULAR PURPOSE ARE DISCLAIMED. IN NO EVENT SHALL THE COPYRIGHT\n    OWNER OR CONTRIBUTORS BE LIABLE FOR ANY DIRECT, INDIRECT, INCIDENTAL,\n    SPECIAL, EXEMPLARY, OR CONSEQUENTIAL DAMAGES (INCLUDING, BUT NOT\n    LIMITED TO, PROCUREMENT OF SUBSTITUTE GOODS OR SERVICES; LOSS OF USE,\n    DATA, OR PROFITS; OR BUSINESS INTERRUPTION) HOWEVER CAUSED AND ON ANY\n    THEORY OF LIABILITY, WHETHER IN CONTRACT, STRICT LIABILITY, OR TORT\n    (INCLUDING NEGLIGENCE OR OTHERWISE) ARISING IN ANY WAY OUT OF THE USE\n    OF THIS SOFTWARE, EVEN IF ADVISED OF THE POSSIBILITY OF SUCH DAMAGE.\n  \"\"\"\n"
  },
  "artifacts": [],
  "remote": {
    "resolved": "https://registry.yarnpkg.com/util-promisify/-/util-promisify-2.1.0.tgz#3c2236476c4d32c5ff3c47002add7c13b9a82a53",
    "type": "tarball",
    "reference": "https://registry.yarnpkg.com/util-promisify/-/util-promisify-2.1.0.tgz",
    "hash": "3c2236476c4d32c5ff3c47002add7c13b9a82a53",
    "registry": "npm",
    "packageName": "util-promisify"
  },
  "registry": "npm",
  "hash": "3c2236476c4d32c5ff3c47002add7c13b9a82a53"
}