{
  "manifest": {
    "name": "string-width",
    "version": "1.0.2",
    "description": "Get the visual width of a string - the number of columns required to display it",
    "license": "MIT",
    "repository": {
      "type": "git",
      "url": "https://github.com/sindresorhus/string-width.git"
    },
    "author": {
      "name": "Sindre Sorhus",
      "email": "sindresorhus@gmail.com",
      "url": "sindresorhus.com"
    },
    "engines": {
      "node": ">=0.10.0"
    },
    "scripts": {
      "test": "xo && ava"
    },
    "files": [
      "index.js"
    ],
    "keywords": [
      "string",
      "str",
      "character",
      "char",
      "unicode",
      "width",
      "visual",
      "column",
      "columns",
      "fullwidth",
      "full-width",
      "full",
      "ansi",
      "escape",
      "codes",
      "cli",
      "command-line",
      "terminal",
      "console",
      "cjk",
      "chinese",
      "japanese",
      "korean",
      "fixed-width"
    ],
    "dependencies": {
      "code-point-at": "^1.0.0",
      "is-fullwidth-code-point": "^1.0.0",
      "strip-ansi": "^3.0.0"
    },
    "devDependencies": {
      "ava": "*",
      "xo": "*"
    },
    "_registry": "npm",
    "_loc": "/Users/akshaynr/.hyper_plugins/cache/v1/npm-string-width-1.0.2-118bdf5b8cdc51a2a7e70d211e07e2b0b9b107d3/package.json",
    "readmeFilename": "readme.md",
    "readme": "# string-width [![Build Status](https://travis-ci.org/sindresorhus/string-width.svg?branch=master)](https://travis-ci.org/sindresorhus/string-width)\n\n> Get the visual width of a string - the number of columns required to display it\n\nSome Unicode characters are [fullwidth](https://en.wikipedia.org/wiki/Halfwidth_and_fullwidth_forms) and use double the normal width. [ANSI escape codes](http://en.wikipedia.org/wiki/ANSI_escape_code) are stripped and doesn't affect the width.\n\nUseful to be able to measure the actual width of command-line output.\n\n\n## Install\n\n```\n$ npm install --save string-width\n```\n\n\n## Usage\n\n```js\nconst stringWidth = require('string-width');\n\nstringWidth('古');\n//=> 2\n\nstringWidth('\\u001b[1m古\\u001b[22m');\n//=> 2\n\nstringWidth('a');\n//=> 1\n```\n\n\n## Related\n\n- [string-width-cli](https://github.com/sindresorhus/string-width-cli) - CLI for this module\n- [string-length](https://github.com/sindresorhus/string-length) - Get the real length of a string\n- [widest-line](https://github.com/sindresorhus/widest-line) - Get the visual width of the widest line in a string\n\n\n## License\n\nMIT © [Sindre Sorhus](https://sindresorhus.com)\n",
    "licenseText": "The MIT License (MIT)\n\nCopyright (c) Sindre Sorhus <sindresorhus@gmail.com> (sindresorhus.com)\n\nPermission is hereby granted, free of charge, to any person obtaining a copy\nof this software and associated documentation files (the \"Software\"), to deal\nin the Software without restriction, including without limitation the rights\nto use, copy, modify, merge, publish, distribute, sublicense, and/or sell\ncopies of the Software, and to permit persons to whom the Software is\nfurnished to do so, subject to the following conditions:\n\nThe above copyright notice and this permission notice shall be included in\nall copies or substantial portions of the Software.\n\nTHE SOFTWARE IS PROVIDED \"AS IS\", WITHOUT WARRANTY OF ANY KIND, EXPRESS OR\nIMPLIED, INCLUDING BUT NOT LIMITED TO THE WARRANTIES OF MERCHANTABILITY,\nFITNESS FOR A PARTICULAR PURPOSE AND NONINFRINGEMENT. IN NO EVENT SHALL THE\nAUTHORS OR COPYRIGHT HOLDERS BE LIABLE FOR ANY CLAIM, DAMAGES OR OTHER\nLIABILITY, WHETHER IN AN ACTION OF CONTRACT, TORT OR OTHERWISE, ARISING FROM,\nOUT OF OR IN CONNECTION WITH THE SOFTWARE OR THE USE OR OTHER DEALINGS IN\nTHE SOFTWARE.\n"
  },
  "artifacts": [],
  "remote": {
    "resolved": "https://registry.yarnpkg.com/string-width/-/string-width-1.0.2.tgz#118bdf5b8cdc51a2a7e70d211e07e2b0b9b107d3",
    "type": "tarball",
    "reference": "https://registry.yarnpkg.com/string-width/-/string-width-1.0.2.tgz",
    "hash": "118bdf5b8cdc51a2a7e70d211e07e2b0b9b107d3",
    "registry": "npm",
    "packageName": "string-width"
  },
  "registry": "npm",
  "hash": "118bdf5b8cdc51a2a7e70d211e07e2b0b9b107d3"
}