{
  "manifest": {
    "name": "hyper-pane",
    "version": "2.1.5",
    "description": "Extension for Hyper.app to enhance pane navigation. Navigate through panes with arrows, jump directly to a specific pane with digit, change focus on mouse hover or temporarily maximize a pane.",
    "main": "index.js",
    "scripts": {
      "test": "eslint .",
      "release": "yarn run test && standard-version"
    },
    "repository": {
      "type": "git",
      "url": "git+https://github.com/chabou/hyper-pane.git"
    },
    "keywords": [
      "hyper",
      "hyper-plugin",
      "hyper.app",
      "hyperterm",
      "pane",
      "navigation",
      "plugin"
    ],
    "plugin": {
      "preview": "https://cloud.githubusercontent.com/assets/4137761/22717106/844a9c5c-ed99-11e6-8e88-8c71a8cbbd5a.gif"
    },
    "author": {
      "name": "CHaBou"
    },
    "license": "MIT",
    "bugs": {
      "url": "https://github.com/chabou/hyper-pane/issues"
    },
    "homepage": "https://github.com/chabou/hyper-pane#readme",
    "eslintConfig": {
      "plugins": [
        "react",
        "prettier"
      ],
      "extends": [
        "eslint:recommended",
        "plugin:react/recommended",
        "prettier"
      ],
      "parserOptions": {
        "ecmaVersion": 8,
        "sourceType": "module",
        "ecmaFeatures": {
          "jsx": true,
          "impliedStrict": true,
          "experimentalObjectRestSpread": true
        },
        "allowImportExportEverywhere": true
      },
      "env": {
        "es6": true,
        "browser": true,
        "node": true
      },
      "rules": {
        "func-names": [
          "error",
          "as-needed"
        ],
        "no-shadow": "error",
        "no-extra-semi": 0,
        "react/prop-types": 0,
        "react/react-in-jsx-scope": 0,
        "react/no-unescaped-entities": 0,
        "react/jsx-no-target-blank": 0,
        "react/no-string-refs": 0,
        "prettier/prettier": [
          "error",
          {
            "printWidth": 120,
            "tabWidth": 2,
            "singleQuote": true,
            "trailingComma": "none",
            "bracketSpacing": false,
            "semi": true,
            "useTabs": false,
            "parser": "babylon",
            "jsxBracketSameLine": false
          }
        ]
      }
    },
    "dependencies": {
      "lodash.merge": "^4.6.0"
    },
    "devDependencies": {
      "eslint": "4.18.2",
      "eslint-config-prettier": "2.7.0",
      "eslint-plugin-prettier": "2.3.1",
      "eslint-plugin-react": "7.4.0",
      "prettier": "1.7.4",
      "standard-version": "4.3.0"
    },
    "_registry": "npm",
    "_loc": "/Users/akshaynr/.hyper_plugins/cache/v1/npm-hyper-pane-2.1.5-ede714e1fd0e65553d380329950435260bb20131/package.json",
    "readmeFilename": "README.md",
    "readme": "# hyper-pane\n[![CI Status](https://circleci.com/gh/chabou/hyper-pane.svg?style=shield)](https://circleci.com/gh/chabou/hyper-pane)\n[![NPM version](https://badge.fury.io/js/hyper-pane.svg)](https://www.npmjs.com/package/hyper-pane)\n![Downloads](https://img.shields.io/npm/dm/hyper-pane.svg?style=flat)\n[![Conventional Commits](https://img.shields.io/badge/Conventional%20Commits-1.0.0-yellow.svg)](https://conventionalcommits.org)\n\nExtension for Hyper.app to enhance pane navigation. Navigate through panes with arrows, jump directly to a specific pane with digit, change focus on mouse hover or temporarily maximize a pane.\n\nNavigation with arrows:\n![hyper-pane](https://cloud.githubusercontent.com/assets/4137761/22717106/844a9c5c-ed99-11e6-8e88-8c71a8cbbd5a.gif)\n\n\nMaximize pane:  \n![hyper-pane-maximize](https://cloud.githubusercontent.com/assets/4137761/24831980/a0f2e86a-1ca5-11e7-80f5-f6a986863546.gif)\n\nInspired by https://github.com/iamstarkov/hyper-panes-iterm2-hotkeys\n\n## Install\n\nTo install, execute:\n```\nhyper i hyper-pane\n```\n\nOr edit `~/.hyper.js` manually and add `\"hyper-pane\"` to `plugins`:\n\n```\nplugins: [\n  \"hyper-pane\",\n],\n```\n\n## Configuration\n\n### Default configuration:\n``` js\nmodule.exports = {\n  config: {\n    // other configs...\n    paneNavigation: {\n      debug: false,\n      hotkeys: {\n        navigation: {\n          up: 'ctrl+alt+up',\n          down: 'ctrl+alt+down',\n          left: 'ctrl+alt+left',\n          right: 'ctrl+alt+right'\n        },\n        jump_prefix: 'ctrl+alt', // completed with 1-9 digits\n        permutation_modifier: 'shift', // Added to jump and navigation hotkeys for pane permutation\n        maximize: 'meta+enter'\n      },\n      showIndicators: true, // Show pane number\n      indicatorPrefix: '^⌥', // Will be completed with pane number\n      indicatorStyle: { // Added to indicator <div>\n        position: 'absolute',\n        top: 0,\n        left: 0,\n        fontSize: '10px'\n      },\n      focusOnMouseHover: false,\n      inactivePaneOpacity: 0.6 // Set to 1 to disable inactive panes dimming\n    }\n  }\n  //...\n};\n```\n### Supported keys\nFor modifier keys you can use `shift`, `ctrl`, `alt`, or `meta`. You can substitute `option` for `alt` and `command` for `meta`.\n\nOther special keys are `backspace`, `tab`, `enter`, `return`, `capslock`, `esc`, `escape`, `space`, `pageup`, `pagedown`, `end`, `home`, `left`, `up`, `right`, `down`, `ins`, `del`, and `plus`.\n\nAny other key you should be able to reference by name like `a`, `/`, `$`, `*`, or `=`.\n\n**⚠ Warning**: Use `ctrl+alt` or `cmd+alt` modifier only with arrow and digit key. Otherwise, shortcut will not be detected by Hyper.\n\n## Usage\n### Navigation with arrows\n\nUse `ctrl+alt+<Up,Down,Left,Right>` (or your configured hotkeys) to navigate to a neighbor pane.\n\n### Jump with digit\n\nUse `ctrl+alt+<1-9>` (or your configured hotkeys) to jump directly to a numbered pane.\nPanes are ordered \"first child descendent\" and `9` is reserved to the last pane.\n\nHotkey indicators are displayed on top left corner of each pane from 2 panes opened.\nYou can change its content, its style or hide them completly.\n\n### Pane permutation\n\nAdding `shift` key (or your configured key) to previous hotkeys cause a pane switching.\n\n### Focus on mouse hover\n\nSet `config.paneNavigation.focusOnMouseHover` to `true` and focus will change when mouse cursor enters into an another pane.\n\n### Maximize a pane\n\nYou can temporarily maximize pane with `meta+enter` (or your configured key) and restore it with the same key.\nYou can have one maximized pane per tab.\n\n### Dim inactive panes\n\nBy default, inactive panes are dimmed (opacity: 0.6).\nYou can disable this by setting `inactivePaneOpacity` to `1`.\n\n",
    "licenseText": "MIT License\n\nCopyright (c) 2017 CHaBou\n\nPermission is hereby granted, free of charge, to any person obtaining a copy\nof this software and associated documentation files (the \"Software\"), to deal\nin the Software without restriction, including without limitation the rights\nto use, copy, modify, merge, publish, distribute, sublicense, and/or sell\ncopies of the Software, and to permit persons to whom the Software is\nfurnished to do so, subject to the following conditions:\n\nThe above copyright notice and this permission notice shall be included in all\ncopies or substantial portions of the Software.\n\nTHE SOFTWARE IS PROVIDED \"AS IS\", WITHOUT WARRANTY OF ANY KIND, EXPRESS OR\nIMPLIED, INCLUDING BUT NOT LIMITED TO THE WARRANTIES OF MERCHANTABILITY,\nFITNESS FOR A PARTICULAR PURPOSE AND NONINFRINGEMENT. IN NO EVENT SHALL THE\nAUTHORS OR COPYRIGHT HOLDERS BE LIABLE FOR ANY CLAIM, DAMAGES OR OTHER\nLIABILITY, WHETHER IN AN ACTION OF CONTRACT, TORT OR OTHERWISE, ARISING FROM,\nOUT OF OR IN CONNECTION WITH THE SOFTWARE OR THE USE OR OTHER DEALINGS IN THE\nSOFTWARE.\n"
  },
  "artifacts": [],
  "remote": {
    "resolved": "https://registry.yarnpkg.com/hyper-pane/-/hyper-pane-2.1.5.tgz#ede714e1fd0e65553d380329950435260bb20131",
    "type": "tarball",
    "reference": "https://registry.yarnpkg.com/hyper-pane/-/hyper-pane-2.1.5.tgz",
    "hash": "ede714e1fd0e65553d380329950435260bb20131",
    "registry": "npm",
    "packageName": "hyper-pane"
  },
  "registry": "npm",
  "hash": "ede714e1fd0e65553d380329950435260bb20131"
}