{
  "manifest": {
    "name": "make-dir",
    "version": "1.3.0",
    "description": "Make a directory and its parents if needed - Think `mkdir -p`",
    "license": "MIT",
    "repository": {
      "type": "git",
      "url": "https://github.com/sindresorhus/make-dir.git"
    },
    "author": {
      "name": "Sindre Sorhus",
      "email": "sindresorhus@gmail.com",
      "url": "sindresorhus.com"
    },
    "engines": {
      "node": ">=4"
    },
    "scripts": {
      "test": "xo && nyc ava"
    },
    "files": [
      "index.js"
    ],
    "keywords": [
      "mkdir",
      "mkdirp",
      "make",
      "directories",
      "dir",
      "dirs",
      "folders",
      "directory",
      "folder",
      "path",
      "parent",
      "parents",
      "intermediate",
      "recursively",
      "recursive",
      "create",
      "fs",
      "filesystem",
      "file-system"
    ],
    "dependencies": {
      "pify": "^3.0.0"
    },
    "devDependencies": {
      "ava": "*",
      "codecov": "^3.0.0",
      "graceful-fs": "^4.1.11",
      "nyc": "^11.3.0",
      "path-type": "^3.0.0",
      "tempy": "^0.2.1",
      "xo": "^0.20.0"
    },
    "_registry": "npm",
    "_loc": "/Users/akshaynr/.hyper_plugins/cache/v1/npm-make-dir-1.3.0-79c1033b80515bd6d24ec9933e860ca75ee27f0c/package.json",
    "readmeFilename": "readme.md",
    "readme": "# make-dir [![Build Status: macOS & Linux](https://travis-ci.org/sindresorhus/make-dir.svg?branch=master)](https://travis-ci.org/sindresorhus/make-dir) [![Build status: Windows](https://ci.appveyor.com/api/projects/status/e0vtt8y600w91gcs/branch/master?svg=true)](https://ci.appveyor.com/project/sindresorhus/make-dir/branch/master) [![codecov](https://codecov.io/gh/sindresorhus/make-dir/branch/master/graph/badge.svg)](https://codecov.io/gh/sindresorhus/make-dir)\n\n> Make a directory and its parents if needed - Think `mkdir -p`\n\n\n## Advantages over [`mkdirp`](https://github.com/substack/node-mkdirp)\n\n- Promise API *(Async/await ready!)*\n- Fixes many `mkdirp` issues: [#96](https://github.com/substack/node-mkdirp/pull/96) [#70](https://github.com/substack/node-mkdirp/issues/70) [#66](https://github.com/substack/node-mkdirp/issues/66)\n- 100% test coverage\n- CI-tested on macOS, Linux, and Windows\n- Actively maintained\n- Doesn't bundle a CLI\n\n\n## Install\n\n```\n$ npm install make-dir\n```\n\n\n## Usage\n\n```\n$ pwd\n/Users/sindresorhus/fun\n$ tree\n.\n```\n\n```js\nconst makeDir = require('make-dir');\n\nmakeDir('unicorn/rainbow/cake').then(path => {\n\tconsole.log(path);\n\t//=> '/Users/sindresorhus/fun/unicorn/rainbow/cake'\n});\n```\n\n```\n$ tree\n.\n└── unicorn\n    └── rainbow\n        └── cake\n```\n\nMultiple directories:\n\n```js\nconst makeDir = require('make-dir');\n\nPromise.all([\n\tmakeDir('unicorn/rainbow')\n\tmakeDir('foo/bar')\n]).then(paths => {\n\tconsole.log(paths);\n\t/*\n\t[\n\t\t'/Users/sindresorhus/fun/unicorn/rainbow',\n\t\t'/Users/sindresorhus/fun/foo/bar'\n\t]\n\t*/\n});\n```\n\n\n## API\n\n### makeDir(path, [options])\n\nReturns a `Promise` for the path to the created directory.\n\n### makeDir.sync(path, [options])\n\nReturns the path to the created directory.\n\n#### path\n\nType: `string`\n\nDirectory to create.\n\n#### options\n\nType: `Object`\n\n##### mode\n\nType: `integer`<br>\nDefault: `0o777 & (~process.umask())`\n\nDirectory [permissions](https://x-team.com/blog/file-system-permissions-umask-node-js/).\n\n##### fs\n\nType: `Object`<br>\nDefault: `require('fs')`\n\nUse a custom `fs` implementation. For example [`graceful-fs`](https://github.com/isaacs/node-graceful-fs).\n\n\n## Related\n\n- [make-dir-cli](https://github.com/sindresorhus/make-dir-cli) - CLI for this module\n- [del](https://github.com/sindresorhus/del) - Delete files and directories\n- [globby](https://github.com/sindresorhus/globby) - User-friendly glob matching\n- [cpy](https://github.com/sindresorhus/cpy) - Copy files\n- [cpy-cli](https://github.com/sindresorhus/cpy-cli) - Copy files on the command-line\n- [move-file](https://github.com/sindresorhus/move-file) - Move a file\n\n\n## License\n\nMIT © [Sindre Sorhus](https://sindresorhus.com)\n",
    "licenseText": "MIT License\n\nCopyright (c) Sindre Sorhus <sindresorhus@gmail.com> (sindresorhus.com)\n\nPermission is hereby granted, free of charge, to any person obtaining a copy of this software and associated documentation files (the \"Software\"), to deal in the Software without restriction, including without limitation the rights to use, copy, modify, merge, publish, distribute, sublicense, and/or sell copies of the Software, and to permit persons to whom the Software is furnished to do so, subject to the following conditions:\n\nThe above copyright notice and this permission notice shall be included in all copies or substantial portions of the Software.\n\nTHE SOFTWARE IS PROVIDED \"AS IS\", WITHOUT WARRANTY OF ANY KIND, EXPRESS OR IMPLIED, INCLUDING BUT NOT LIMITED TO THE WARRANTIES OF MERCHANTABILITY, FITNESS FOR A PARTICULAR PURPOSE AND NONINFRINGEMENT. IN NO EVENT SHALL THE AUTHORS OR COPYRIGHT HOLDERS BE LIABLE FOR ANY CLAIM, DAMAGES OR OTHER LIABILITY, WHETHER IN AN ACTION OF CONTRACT, TORT OR OTHERWISE, ARISING FROM, OUT OF OR IN CONNECTION WITH THE SOFTWARE OR THE USE OR OTHER DEALINGS IN THE SOFTWARE.\n"
  },
  "artifacts": [],
  "remote": {
    "resolved": "https://registry.yarnpkg.com/make-dir/-/make-dir-1.3.0.tgz#79c1033b80515bd6d24ec9933e860ca75ee27f0c",
    "type": "tarball",
    "reference": "https://registry.yarnpkg.com/make-dir/-/make-dir-1.3.0.tgz",
    "hash": "79c1033b80515bd6d24ec9933e860ca75ee27f0c",
    "registry": "npm",
    "packageName": "make-dir"
  },
  "registry": "npm",
  "hash": "79c1033b80515bd6d24ec9933e860ca75ee27f0c"
}