{
  "manifest": {
    "name": "yargs",
    "version": "8.0.2",
    "description": "yargs the modern, pirate-themed, successor to optimist.",
    "main": "./index.js",
    "files": [
      "index.js",
      "yargs.js",
      "lib",
      "locales",
      "completion.sh.hbs",
      "LICENSE"
    ],
    "dependencies": {
      "camelcase": "^4.1.0",
      "cliui": "^3.2.0",
      "decamelize": "^1.1.1",
      "get-caller-file": "^1.0.1",
      "os-locale": "^2.0.0",
      "read-pkg-up": "^2.0.0",
      "require-directory": "^2.1.1",
      "require-main-filename": "^1.0.1",
      "set-blocking": "^2.0.0",
      "string-width": "^2.0.0",
      "which-module": "^2.0.0",
      "y18n": "^3.2.1",
      "yargs-parser": "^7.0.0"
    },
    "devDependencies": {
      "chai": "^3.4.1",
      "chalk": "^1.1.3",
      "coveralls": "^2.11.11",
      "cpr": "^2.0.0",
      "cross-spawn": "^5.0.1",
      "es6-promise": "^4.0.2",
      "hashish": "0.0.4",
      "mocha": "^3.0.1",
      "nyc": "^10.3.0",
      "rimraf": "^2.5.0",
      "standard": "^8.6.0",
      "standard-version": "^4.2.0",
      "which": "^1.2.9",
      "yargs-test-extends": "^1.0.1"
    },
    "scripts": {
      "pretest": "standard",
      "test": "nyc --cache mocha --require ./test/before.js --timeout=8000 --check-leaks",
      "coverage": "nyc report --reporter=text-lcov | coveralls",
      "release": "standard-version"
    },
    "repository": {
      "type": "git",
      "url": "http://github.com/yargs/yargs.git"
    },
    "homepage": "http://yargs.js.org/",
    "standard": {
      "ignore": [
        "**/example/**"
      ]
    },
    "keywords": [
      "argument",
      "args",
      "option",
      "parser",
      "parsing",
      "cli",
      "command"
    ],
    "license": "MIT",
    "engine": {
      "node": ">=0.10"
    },
    "_registry": "npm",
    "_loc": "/Users/akshaynr/.hyper_plugins/cache/v1/npm-yargs-8.0.2-6299a9055b1cefc969ff7e79c1d918dceb22c360/package.json",
    "readmeFilename": "README.md",
    "readme": "# Yargs\n\n[![Build Status][travis-image]][travis-url]\n[![Coverage Status][coveralls-image]][coveralls-url]\n[![NPM version][npm-image]][npm-url]\n[![Windows Tests][windows-image]][windows-url]\n[![js-standard-style][standard-image]][standard-url]\n[![Conventional Commits][conventional-commits-image]][conventional-commits-url]\n[![Gitter][gitter-image]][gitter-url]\n\n> Yargs be a node.js library fer hearties tryin' ter parse optstrings.\n\n<img width=\"250\" src=\"/yargs-logo.png\">\n\nYargs helps you build interactive command line tools, by parsing arguments and generating an elegant user interface. It gives you:\n\n* commands and (grouped) options (`my-program.js serve --port=5000`).\n* a dynamically generated help menu based on your arguments.\n\n> <img width=\"400\" src=\"/screen.png\">\n\n* bash-completion shortcuts for commands and options.\n* and [tons more](/docs/api.md).\n\n## Installation\n\n```bash\nnpm i yargs --save\n```\n\n## Simple Example\n\n````javascript\n#!/usr/bin/env node\nconst argv = require('yargs').argv\n\nif (argv.ships > 3 && argv.distance < 53.5) {\n  console.log('Plunder more riffiwobbles!')\n} else {\n  console.log('Retreat from the xupptumblers!')\n}\n````\n\n```bash\n$ ./plunder.js --ships=4 --distance=22\nPlunder more riffiwobbles!\n\n$ ./plunder.js --ships 12 --distance 98.7\nRetreat from the xupptumblers!\n```\n\n## Complex Example\n\n```js\n#!/usr/bin/env node\nconst yargs = require('yargs') // eslint-disable-line\n  .command('serve', 'start the server', (yargs) => {\n    yargs.option('port', {\n      describe: 'port to bind on',\n      default: 5000\n    })    \n  }, (argv) => {\n    if (argv.verbose) console.info(`start server on :${argv.port}`)\n    serve(argv.port)\n  })\n  .option('verbose', {\n    alias: 'v',\n    default: false\n  })\n  .help()\n  .argv\n```\n\n## Table of Contents\n\n* [Yargs' API](/docs/api.md)\n* [Examples](/docs/examples.md)\n* [Parsing Tricks](/docs/tricks.md)\n  * [Stop the Parser](/docs/tricks.md#stop)\n  * [Negating Boolean Arguments](/docs/tricks.md#negate)\n  * [Numbers](/docs/tricks.md#numbers)\n  * [Arrays](/docs/tricks.md#arrays)\n  * [Objects](/docs/tricks.md#objects)\n* [Advanced Topics](/docs/advanced.md)\n  * [Composing Your App Using Commands](/docs/advanced.md#commands)\n  * [Building Configurable CLI Apps](/docs/advanced.md#configuration)\n  * [Customizing Yargs' Parser](/docs/advanced.md#customizing)\n* [Contributing](/contributing.md)\n\n[travis-url]: https://travis-ci.org/yargs/yargs\n[travis-image]: https://img.shields.io/travis/yargs/yargs/master.svg\n[coveralls-url]: https://coveralls.io/github/yargs/yargs\n[coveralls-image]: https://img.shields.io/coveralls/yargs/yargs.svg\n[npm-url]: https://www.npmjs.com/package/yargs\n[npm-image]: https://img.shields.io/npm/v/yargs.svg\n[windows-url]: https://ci.appveyor.com/project/bcoe/yargs-ljwvf\n[windows-image]: https://img.shields.io/appveyor/ci/bcoe/yargs-ljwvf/master.svg?label=Windows%20Tests\n[standard-image]: https://img.shields.io/badge/code%20style-standard-brightgreen.svg\n[standard-url]: http://standardjs.com/\n[conventional-commits-image]: https://img.shields.io/badge/Conventional%20Commits-1.0.0-yellow.svg\n[conventional-commits-url]: https://conventionalcommits.org/\n[gitter-image]: https://img.shields.io/gitter/room/nwjs/nw.js.svg?maxAge=2592000\n[gitter-url]: https://gitter.im/yargs/Lobby?utm_source=share-link&utm_medium=link&utm_campaign=share-link\n",
    "licenseText": "Copyright 2010 James Halliday (mail@substack.net)\nModified work Copyright 2014 Contributors (ben@npmjs.com)\n\nThis project is free software released under the MIT/X11 license:\n\nPermission is hereby granted, free of charge, to any person obtaining a copy\nof this software and associated documentation files (the \"Software\"), to deal\nin the Software without restriction, including without limitation the rights\nto use, copy, modify, merge, publish, distribute, sublicense, and/or sell\ncopies of the Software, and to permit persons to whom the Software is\nfurnished to do so, subject to the following conditions:\n\nThe above copyright notice and this permission notice shall be included in\nall copies or substantial portions of the Software.\n\nTHE SOFTWARE IS PROVIDED \"AS IS\", WITHOUT WARRANTY OF ANY KIND, EXPRESS OR\nIMPLIED, INCLUDING BUT NOT LIMITED TO THE WARRANTIES OF MERCHANTABILITY,\nFITNESS FOR A PARTICULAR PURPOSE AND NONINFRINGEMENT. IN NO EVENT SHALL THE\nAUTHORS OR COPYRIGHT HOLDERS BE LIABLE FOR ANY CLAIM, DAMAGES OR OTHER\nLIABILITY, WHETHER IN AN ACTION OF CONTRACT, TORT OR OTHERWISE, ARISING FROM,\nOUT OF OR IN CONNECTION WITH THE SOFTWARE OR THE USE OR OTHER DEALINGS IN\nTHE SOFTWARE.\n"
  },
  "artifacts": [],
  "remote": {
    "resolved": "https://registry.yarnpkg.com/yargs/-/yargs-8.0.2.tgz#6299a9055b1cefc969ff7e79c1d918dceb22c360",
    "type": "tarball",
    "reference": "https://registry.yarnpkg.com/yargs/-/yargs-8.0.2.tgz",
    "hash": "6299a9055b1cefc969ff7e79c1d918dceb22c360",
    "registry": "npm",
    "packageName": "yargs"
  },
  "registry": "npm",
  "hash": "6299a9055b1cefc969ff7e79c1d918dceb22c360"
}