{
  "manifest": {
    "name": "split-on-first",
    "version": "1.1.0",
    "description": "Split a string on the first occurance of a given separator",
    "license": "MIT",
    "repository": {
      "type": "git",
      "url": "https://github.com/sindresorhus/split-on-first.git"
    },
    "author": {
      "name": "Sindre Sorhus",
      "email": "sindresorhus@gmail.com",
      "url": "sindresorhus.com"
    },
    "engines": {
      "node": ">=6"
    },
    "scripts": {
      "test": "xo && ava && tsd"
    },
    "files": [
      "index.js",
      "index.d.ts"
    ],
    "keywords": [
      "split",
      "string",
      "first",
      "occurrence",
      "separator",
      "delimiter",
      "text"
    ],
    "devDependencies": {
      "ava": "^1.4.1",
      "tsd": "^0.7.2",
      "xo": "^0.24.0"
    },
    "_registry": "npm",
    "_loc": "/Users/akshaynr/.hyper_plugins/cache/v1/npm-split-on-first-1.1.0-f610afeee3b12bce1d0c30425e76398b78249a5f/package.json",
    "readmeFilename": "readme.md",
    "readme": "# split-on-first [![Build Status](https://travis-ci.com/sindresorhus/split-on-first.svg?branch=master)](https://travis-ci.com/sindresorhus/split-on-first)\n\n> Split a string on the first occurrence of a given separator\n\nThis is similar to [`String#split()`](https://developer.mozilla.org/en-US/docs/Web/JavaScript/Reference/Global_Objects/String/split), but that one splits on all the occurrences, not just the first one.\n\n\n## Install\n\n```\n$ npm install split-on-first\n```\n\n\n## Usage\n\n```js\nconst splitOnFirst = require('split-on-first');\n\nsplitOnFirst('a-b-c', '-');\n//=> ['a', 'b-c']\n\nsplitOnFirst('key:value:value2', ':');\n//=> ['key', 'value:value2']\n\nsplitOnFirst('a---b---c', '---');\n//=> ['a', 'b---c']\n\nsplitOnFirst('a-b-c', '+');\n//=> ['a-b-c']\n```\n\n\n## API\n\n### splitOnFirst(string, separator)\n\n#### string\n\nType: `string`\n\nThe string to split.\n\n#### separator\n\nType: `string`\n\nThe separator to split on.\n\n\n## Related\n\n- [split-at](https://github.com/sindresorhus/split-at) - Split a string at one or more indices\n\n\n## License\n\nMIT © [Sindre Sorhus](https://sindresorhus.com)\n",
    "licenseText": "MIT License\n\nCopyright (c) Sindre Sorhus <sindresorhus@gmail.com> (sindresorhus.com)\n\nPermission is hereby granted, free of charge, to any person obtaining a copy of this software and associated documentation files (the \"Software\"), to deal in the Software without restriction, including without limitation the rights to use, copy, modify, merge, publish, distribute, sublicense, and/or sell copies of the Software, and to permit persons to whom the Software is furnished to do so, subject to the following conditions:\n\nThe above copyright notice and this permission notice shall be included in all copies or substantial portions of the Software.\n\nTHE SOFTWARE IS PROVIDED \"AS IS\", WITHOUT WARRANTY OF ANY KIND, EXPRESS OR IMPLIED, INCLUDING BUT NOT LIMITED TO THE WARRANTIES OF MERCHANTABILITY, FITNESS FOR A PARTICULAR PURPOSE AND NONINFRINGEMENT. IN NO EVENT SHALL THE AUTHORS OR COPYRIGHT HOLDERS BE LIABLE FOR ANY CLAIM, DAMAGES OR OTHER LIABILITY, WHETHER IN AN ACTION OF CONTRACT, TORT OR OTHERWISE, ARISING FROM, OUT OF OR IN CONNECTION WITH THE SOFTWARE OR THE USE OR OTHER DEALINGS IN THE SOFTWARE.\n"
  },
  "artifacts": [],
  "remote": {
    "resolved": "https://registry.yarnpkg.com/split-on-first/-/split-on-first-1.1.0.tgz#f610afeee3b12bce1d0c30425e76398b78249a5f",
    "type": "tarball",
    "reference": "https://registry.yarnpkg.com/split-on-first/-/split-on-first-1.1.0.tgz",
    "hash": "f610afeee3b12bce1d0c30425e76398b78249a5f",
    "registry": "npm",
    "packageName": "split-on-first"
  },
  "registry": "npm",
  "hash": "f610afeee3b12bce1d0c30425e76398b78249a5f"
}