{
  "manifest": {
    "name": "npm-bundled",
    "version": "1.1.1",
    "description": "list things in node_modules that are bundledDependencies, or transitive dependencies thereof",
    "main": "index.js",
    "repository": {
      "type": "git",
      "url": "git+https://github.com/npm/npm-bundled.git"
    },
    "author": {
      "name": "Isaac Z. Schlueter",
      "email": "i@izs.me",
      "url": "http://blog.izs.me/"
    },
    "license": "ISC",
    "devDependencies": {
      "mkdirp": "^0.5.1",
      "mutate-fs": "^1.1.0",
      "rimraf": "^2.6.1",
      "tap": "^12.0.1"
    },
    "scripts": {
      "test": "tap test/*.js -J --100",
      "preversion": "npm test",
      "postversion": "npm publish",
      "postpublish": "git push origin --all; git push origin --tags"
    },
    "files": [
      "index.js"
    ],
    "dependencies": {
      "npm-normalize-package-bin": "^1.0.1"
    },
    "_registry": "npm",
    "_loc": "/Users/akshaynr/.hyper_plugins/cache/v1/npm-npm-bundled-1.1.1-1edd570865a94cdb1bc8220775e29466c9fb234b/package.json",
    "readmeFilename": "README.md",
    "readme": "# npm-bundled\n\nRun this in a node package, and it'll tell you which things in\nnode_modules are bundledDependencies, or transitive dependencies of\nbundled dependencies.\n\n[![Build Status](https://travis-ci.org/npm/npm-bundled.svg?branch=master)](https://travis-ci.org/npm/npm-bundled)\n\n## USAGE\n\nTo get the list of deps at the top level that are bundled (or\ntransitive deps of a bundled dep) run this:\n\n```js\nconst bundled = require('npm-bundled')\n\n// async version\nbundled({ path: '/path/to/pkg/defaults/to/cwd'}, (er, list) => {\n  // er means it had an error, which is _hella_ weird\n  // list is a list of package names, like `fooblz` or `@corp/blerg`\n  // the might not all be deps of the top level, because transitives\n})\n\n// async promise version\nbundled({ path: '/path/to/pkg/defaults/to/cwd'}).then(list => {\n  // so promisey!\n  // actually the callback version returns a promise, too, it just\n  // attaches the supplied callback to the promise\n})\n\n// sync version, throws if there's an error\nconst list = bundled({ path: '/path/to/pkg/defaults/to/cwd'})\n```\n\nThat's basically all you need to know.  If you care to dig into it,\nyou can also use the `bundled.Walker` and `bundled.WalkerSync`\nclasses to get fancy.\n\nThis library does not write anything to the filesystem, but it _may_\nhave undefined behavior if the structure of `node_modules` changes\nwhile it's reading deps.\n\nAll symlinks are followed.  This means that it can lead to surprising\nresults if a symlinked bundled dependency has a missing dependency\nthat is satisfied at the top level.  Since package creation resolves\nsymlinks as well, this is an edge case where package creation and\ndevelopment environment are not going to be aligned, and is best\navoided.\n",
    "licenseText": "The ISC License\n\nCopyright (c) npm, Inc. and Contributors\n\nPermission to use, copy, modify, and/or distribute this software for any\npurpose with or without fee is hereby granted, provided that the above\ncopyright notice and this permission notice appear in all copies.\n\nTHE SOFTWARE IS PROVIDED \"AS IS\" AND THE AUTHOR DISCLAIMS ALL WARRANTIES\nWITH REGARD TO THIS SOFTWARE INCLUDING ALL IMPLIED WARRANTIES OF\nMERCHANTABILITY AND FITNESS. IN NO EVENT SHALL THE AUTHOR BE LIABLE FOR\nANY SPECIAL, DIRECT, INDIRECT, OR CONSEQUENTIAL DAMAGES OR ANY DAMAGES\nWHATSOEVER RESULTING FROM LOSS OF USE, DATA OR PROFITS, WHETHER IN AN\nACTION OF CONTRACT, NEGLIGENCE OR OTHER TORTIOUS ACTION, ARISING OUT OF OR\nIN CONNECTION WITH THE USE OR PERFORMANCE OF THIS SOFTWARE.\n"
  },
  "artifacts": [],
  "remote": {
    "resolved": "https://registry.yarnpkg.com/npm-bundled/-/npm-bundled-1.1.1.tgz#1edd570865a94cdb1bc8220775e29466c9fb234b",
    "type": "tarball",
    "reference": "https://registry.yarnpkg.com/npm-bundled/-/npm-bundled-1.1.1.tgz",
    "hash": "1edd570865a94cdb1bc8220775e29466c9fb234b",
    "registry": "npm",
    "packageName": "npm-bundled"
  },
  "registry": "npm",
  "hash": "1edd570865a94cdb1bc8220775e29466c9fb234b"
}