{
  "manifest": {
    "name": "getpass",
    "version": "0.1.7",
    "description": "getpass for node.js",
    "main": "lib/index.js",
    "dependencies": {
      "assert-plus": "^1.0.0"
    },
    "repository": {
      "type": "git",
      "url": "https://github.com/arekinath/node-getpass.git"
    },
    "scripts": {
      "test": "tape test/*.test.js"
    },
    "author": {
      "name": "Alex Wilson",
      "email": "alex.wilson@joyent.com"
    },
    "license": "MIT",
    "_registry": "npm",
    "_loc": "/Users/akshaynr/.hyper_plugins/cache/v1/npm-getpass-0.1.7-5eff8e3e684d569ae4cb2b1282604e8ba62149fa/package.json",
    "readmeFilename": "README.md",
    "readme": "## getpass\n\nGet a password from the terminal. Sounds simple? Sounds like the `readline`\nmodule should be able to do it? NOPE.\n\n## Install and use it\n\n```bash\nnpm install --save getpass\n```\n\n```javascript\nconst mod_getpass = require('getpass');\n```\n\n## API\n\n### `mod_getpass.getPass([options, ]callback)`\n\nGets a password from the terminal. If available, this uses `/dev/tty` to avoid\ninterfering with any data being piped in or out of stdio.\n\nThis function prints a prompt (by default `Password:`) and then accepts input\nwithout echoing.\n\nParameters:\n\n * `options`, an Object, with properties:\n   * `prompt`, an optional String\n * `callback`, a `Func(error, password)`, with arguments:\n   * `error`, either `null` (no error) or an `Error` instance\n   * `password`, a String\n",
    "licenseText": "Copyright Joyent, Inc. All rights reserved.\nPermission is hereby granted, free of charge, to any person obtaining a copy\nof this software and associated documentation files (the \"Software\"), to\ndeal in the Software without restriction, including without limitation the\nrights to use, copy, modify, merge, publish, distribute, sublicense, and/or\nsell copies of the Software, and to permit persons to whom the Software is\nfurnished to do so, subject to the following conditions:\n\nThe above copyright notice and this permission notice shall be included in\nall copies or substantial portions of the Software.\n\nTHE SOFTWARE IS PROVIDED \"AS IS\", WITHOUT WARRANTY OF ANY KIND, EXPRESS OR\nIMPLIED, INCLUDING BUT NOT LIMITED TO THE WARRANTIES OF MERCHANTABILITY,\nFITNESS FOR A PARTICULAR PURPOSE AND NONINFRINGEMENT. IN NO EVENT SHALL THE\nAUTHORS OR COPYRIGHT HOLDERS BE LIABLE FOR ANY CLAIM, DAMAGES OR OTHER\nLIABILITY, WHETHER IN AN ACTION OF CONTRACT, TORT OR OTHERWISE, ARISING\nFROM, OUT OF OR IN CONNECTION WITH THE SOFTWARE OR THE USE OR OTHER DEALINGS\nIN THE SOFTWARE.\n"
  },
  "artifacts": [],
  "remote": {
    "resolved": "https://registry.yarnpkg.com/getpass/-/getpass-0.1.7.tgz#5eff8e3e684d569ae4cb2b1282604e8ba62149fa",
    "type": "tarball",
    "reference": "https://registry.yarnpkg.com/getpass/-/getpass-0.1.7.tgz",
    "hash": "5eff8e3e684d569ae4cb2b1282604e8ba62149fa",
    "registry": "npm",
    "packageName": "getpass"
  },
  "registry": "npm",
  "hash": "5eff8e3e684d569ae4cb2b1282604e8ba62149fa"
}