{
  "manifest": {
    "name": "wrap-ansi",
    "version": "2.1.0",
    "description": "Wordwrap a string with ANSI escape codes",
    "license": "MIT",
    "repository": {
      "type": "git",
      "url": "https://github.com/chalk/wrap-ansi.git"
    },
    "author": {
      "name": "Sindre Sorhus",
      "email": "sindresorhus@gmail.com",
      "url": "sindresorhus.com"
    },
    "maintainers": [
      {
        "name": "Sindre Sorhus",
        "email": "sindresorhus@gmail.com",
        "url": "sindresorhus.com"
      },
      {
        "name": "Joshua Appelman",
        "email": "jappelman@xebia.com",
        "url": "jbnicolai.com"
      },
      {
        "name": "JD Ballard",
        "email": "i.am.qix@gmail.com",
        "url": "github.com/qix-"
      },
      {
        "name": "Benjamin Coe",
        "email": "ben@npmjs.com",
        "url": "github.com/bcoe"
      }
    ],
    "engines": {
      "node": ">=0.10.0"
    },
    "scripts": {
      "test": "xo && nyc ava",
      "coveralls": "nyc report --reporter=text-lcov | coveralls"
    },
    "files": [
      "index.js"
    ],
    "keywords": [
      "wrap",
      "break",
      "wordwrap",
      "wordbreak",
      "linewrap",
      "ansi",
      "styles",
      "color",
      "colour",
      "colors",
      "terminal",
      "console",
      "cli",
      "string",
      "tty",
      "escape",
      "formatting",
      "rgb",
      "256",
      "shell",
      "xterm",
      "log",
      "logging",
      "command-line",
      "text"
    ],
    "dependencies": {
      "string-width": "^1.0.1",
      "strip-ansi": "^3.0.1"
    },
    "devDependencies": {
      "ava": "^0.16.0",
      "chalk": "^1.1.0",
      "coveralls": "^2.11.4",
      "has-ansi": "^2.0.0",
      "nyc": "^6.2.1",
      "xo": "*"
    },
    "_registry": "npm",
    "_loc": "/Users/akshaynr/.hyper_plugins/cache/v1/npm-wrap-ansi-2.1.0-d8fc3d284dd05794fe84973caecdd1cf824fdd85/package.json",
    "readmeFilename": "readme.md",
    "readme": "# wrap-ansi [![Build Status](https://travis-ci.org/chalk/wrap-ansi.svg?branch=master)](https://travis-ci.org/chalk/wrap-ansi) [![Coverage Status](https://coveralls.io/repos/github/chalk/wrap-ansi/badge.svg?branch=master)](https://coveralls.io/github/chalk/wrap-ansi?branch=master)\n\n> Wordwrap a string with [ANSI escape codes](http://en.wikipedia.org/wiki/ANSI_escape_code#Colors_and_Styles)\n\n\n## Install\n\n```\n$ npm install --save wrap-ansi\n```\n\n\n## Usage\n\n```js\nconst chalk = require('chalk');\nconst wrapAnsi = require('wrap-ansi');\n\nconst input = 'The quick brown ' + chalk.red('fox jumped over ') +\n\t'the lazy ' + chalk.green('dog and then ran away with the unicorn.');\n\nconsole.log(wrapAnsi(input, 20));\n```\n\n<img width=\"331\" src=\"screenshot.png\">\n\n\n## API\n\n### wrapAnsi(input, columns, [options])\n\nWrap words to the specified column width.\n\n#### input\n\nType: `string`\n\nString with ANSI escape codes. Like one styled by [`chalk`](https://github.com/chalk/chalk).\n\n#### columns\n\nType: `number`\n\nNumber of columns to wrap the text to.\n\n#### options\n\n##### hard\n\nType: `boolean`<br>\nDefault: `false`\n\nBy default the wrap is soft, meaning long words may extend past the column width. Setting this to `true` will make it hard wrap at the column width.\n\n##### wordWrap\n\nType: `boolean`<br>\nDefault: `true`\n\nBy default, an attempt is made to split words at spaces, ensuring that they don't extend past the configured columns. If wordWrap is `false`, each column will instead be completely filled splitting words as necessary.\n\n\n## Related\n\n- [slice-ansi](https://github.com/chalk/slice-ansi) - Slice a string with ANSI escape codes\n- [cli-truncate](https://github.com/sindresorhus/cli-truncate) - Truncate a string to a specific width in the terminal\n- [chalk](https://github.com/chalk/chalk) - Terminal string styling done right\n- [jsesc](https://github.com/mathiasbynens/jsesc) - Generate ASCII-only output from Unicode strings. Useful for creating test fixtures.\n\n\n## License\n\nMIT © [Sindre Sorhus](https://sindresorhus.com)\n",
    "licenseText": "The MIT License (MIT)\n\nCopyright (c) Sindre Sorhus <sindresorhus@gmail.com> (sindresorhus.com)\n\nPermission is hereby granted, free of charge, to any person obtaining a copy\nof this software and associated documentation files (the \"Software\"), to deal\nin the Software without restriction, including without limitation the rights\nto use, copy, modify, merge, publish, distribute, sublicense, and/or sell\ncopies of the Software, and to permit persons to whom the Software is\nfurnished to do so, subject to the following conditions:\n\nThe above copyright notice and this permission notice shall be included in\nall copies or substantial portions of the Software.\n\nTHE SOFTWARE IS PROVIDED \"AS IS\", WITHOUT WARRANTY OF ANY KIND, EXPRESS OR\nIMPLIED, INCLUDING BUT NOT LIMITED TO THE WARRANTIES OF MERCHANTABILITY,\nFITNESS FOR A PARTICULAR PURPOSE AND NONINFRINGEMENT. IN NO EVENT SHALL THE\nAUTHORS OR COPYRIGHT HOLDERS BE LIABLE FOR ANY CLAIM, DAMAGES OR OTHER\nLIABILITY, WHETHER IN AN ACTION OF CONTRACT, TORT OR OTHERWISE, ARISING FROM,\nOUT OF OR IN CONNECTION WITH THE SOFTWARE OR THE USE OR OTHER DEALINGS IN\nTHE SOFTWARE.\n"
  },
  "artifacts": [],
  "remote": {
    "resolved": "https://registry.yarnpkg.com/wrap-ansi/-/wrap-ansi-2.1.0.tgz#d8fc3d284dd05794fe84973caecdd1cf824fdd85",
    "type": "tarball",
    "reference": "https://registry.yarnpkg.com/wrap-ansi/-/wrap-ansi-2.1.0.tgz",
    "hash": "d8fc3d284dd05794fe84973caecdd1cf824fdd85",
    "registry": "npm",
    "packageName": "wrap-ansi"
  },
  "registry": "npm",
  "hash": "d8fc3d284dd05794fe84973caecdd1cf824fdd85"
}