{
  "manifest": {
    "name": "os-homedir",
    "version": "1.0.2",
    "description": "Node.js 4 `os.homedir()` ponyfill",
    "license": "MIT",
    "repository": {
      "type": "git",
      "url": "https://github.com/sindresorhus/os-homedir.git"
    },
    "author": {
      "name": "Sindre Sorhus",
      "email": "sindresorhus@gmail.com",
      "url": "sindresorhus.com"
    },
    "engines": {
      "node": ">=0.10.0"
    },
    "scripts": {
      "test": "xo && ava"
    },
    "files": [
      "index.js"
    ],
    "keywords": [
      "builtin",
      "core",
      "ponyfill",
      "polyfill",
      "shim",
      "os",
      "homedir",
      "home",
      "dir",
      "directory",
      "folder",
      "user",
      "path"
    ],
    "devDependencies": {
      "ava": "*",
      "path-exists": "^2.0.0",
      "xo": "^0.16.0"
    },
    "_registry": "npm",
    "_loc": "/Users/akshaynr/.hyper_plugins/cache/v1/npm-os-homedir-1.0.2-ffbc4988336e0e833de0c168c7ef152121aa7fb3/package.json",
    "readmeFilename": "readme.md",
    "readme": "# os-homedir [![Build Status](https://travis-ci.org/sindresorhus/os-homedir.svg?branch=master)](https://travis-ci.org/sindresorhus/os-homedir)\n\n> Node.js 4 [`os.homedir()`](https://nodejs.org/api/os.html#os_os_homedir) [ponyfill](https://ponyfill.com)\n\n\n## Install\n\n```\n$ npm install --save os-homedir\n```\n\n\n## Usage\n\n```js\nconst osHomedir = require('os-homedir');\n\nconsole.log(osHomedir());\n//=> '/Users/sindresorhus'\n```\n\n\n## Related\n\n- [user-home](https://github.com/sindresorhus/user-home) - Same as this module but caches the result\n- [home-or-tmp](https://github.com/sindresorhus/home-or-tmp) - Get the user home directory with fallback to the system temp directory\n\n\n## License\n\nMIT © [Sindre Sorhus](https://sindresorhus.com)\n",
    "licenseText": "The MIT License (MIT)\n\nCopyright (c) Sindre Sorhus <sindresorhus@gmail.com> (sindresorhus.com)\n\nPermission is hereby granted, free of charge, to any person obtaining a copy\nof this software and associated documentation files (the \"Software\"), to deal\nin the Software without restriction, including without limitation the rights\nto use, copy, modify, merge, publish, distribute, sublicense, and/or sell\ncopies of the Software, and to permit persons to whom the Software is\nfurnished to do so, subject to the following conditions:\n\nThe above copyright notice and this permission notice shall be included in\nall copies or substantial portions of the Software.\n\nTHE SOFTWARE IS PROVIDED \"AS IS\", WITHOUT WARRANTY OF ANY KIND, EXPRESS OR\nIMPLIED, INCLUDING BUT NOT LIMITED TO THE WARRANTIES OF MERCHANTABILITY,\nFITNESS FOR A PARTICULAR PURPOSE AND NONINFRINGEMENT. IN NO EVENT SHALL THE\nAUTHORS OR COPYRIGHT HOLDERS BE LIABLE FOR ANY CLAIM, DAMAGES OR OTHER\nLIABILITY, WHETHER IN AN ACTION OF CONTRACT, TORT OR OTHERWISE, ARISING FROM,\nOUT OF OR IN CONNECTION WITH THE SOFTWARE OR THE USE OR OTHER DEALINGS IN\nTHE SOFTWARE.\n"
  },
  "artifacts": [],
  "remote": {
    "resolved": "https://registry.yarnpkg.com/os-homedir/-/os-homedir-1.0.2.tgz#ffbc4988336e0e833de0c168c7ef152121aa7fb3",
    "type": "tarball",
    "reference": "https://registry.yarnpkg.com/os-homedir/-/os-homedir-1.0.2.tgz",
    "hash": "ffbc4988336e0e833de0c168c7ef152121aa7fb3",
    "registry": "npm",
    "packageName": "os-homedir"
  },
  "registry": "npm",
  "hash": "ffbc4988336e0e833de0c168c7ef152121aa7fb3"
}