{
  "manifest": {
    "name": "lodash._baseindexof",
    "version": "3.1.0",
    "description": "The modern build of lodash’s internal `baseIndexOf` as a module.",
    "homepage": "https://lodash.com/",
    "icon": "https://lodash.com/icon.svg",
    "license": "MIT",
    "author": {
      "name": "John-David Dalton",
      "email": "john.david.dalton@gmail.com",
      "url": "http://allyoucanleet.com/"
    },
    "contributors": [
      {
        "name": "John-David Dalton",
        "email": "john.david.dalton@gmail.com",
        "url": "http://allyoucanleet.com/"
      },
      {
        "name": "Benjamin Tan",
        "email": "demoneaux@gmail.com",
        "url": "https://d10.github.io/"
      },
      {
        "name": "Blaine Bublitz",
        "email": "blaine@iceddev.com",
        "url": "http://www.iceddev.com/"
      },
      {
        "name": "Kit Cambridge",
        "email": "github@kitcambridge.be",
        "url": "http://kitcambridge.be/"
      },
      {
        "name": "Mathias Bynens",
        "email": "mathias@qiwi.be",
        "url": "https://mathiasbynens.be/"
      }
    ],
    "repository": {
      "type": "git",
      "url": "https://github.com/lodash/lodash.git"
    },
    "scripts": {
      "test": "echo \"See https://travis-ci.org/lodash/lodash-cli for testing details.\""
    },
    "_registry": "npm",
    "_loc": "/Users/akshaynr/.hyper_plugins/cache/v1/npm-lodash._baseindexof-3.1.0-fe52b53a1c6761e42618d654e4a25789ed61822c/package.json",
    "readmeFilename": "README.md",
    "readme": "# lodash._baseindexof v3.1.0\n\nThe [modern build](https://github.com/lodash/lodash/wiki/Build-Differences) of [lodash’s](https://lodash.com/) internal `baseIndexOf` exported as a [Node.js](http://nodejs.org/)/[io.js](https://iojs.org/) module.\n\n## Installation\n\nUsing npm:\n\n```bash\n$ {sudo -H} npm i -g npm\n$ npm i --save lodash._baseindexof\n```\n\nIn Node.js/io.js:\n\n```js\nvar baseIndexOf = require('lodash._baseindexof');\n```\n\nSee the [package source](https://github.com/lodash/lodash/blob/3.1.0-npm-packages/lodash._baseindexof) for more details.\n",
    "licenseText": "Copyright 2012-2015 The Dojo Foundation <http://dojofoundation.org/>\nBased on Underscore.js 1.7.0, copyright 2009-2015 Jeremy Ashkenas,\nDocumentCloud and Investigative Reporters & Editors <http://underscorejs.org/>\n\nPermission is hereby granted, free of charge, to any person obtaining\na copy of this software and associated documentation files (the\n\"Software\"), to deal in the Software without restriction, including\nwithout limitation the rights to use, copy, modify, merge, publish,\ndistribute, sublicense, and/or sell copies of the Software, and to\npermit persons to whom the Software is furnished to do so, subject to\nthe following conditions:\n\nThe above copyright notice and this permission notice shall be\nincluded in all copies or substantial portions of the Software.\n\nTHE SOFTWARE IS PROVIDED \"AS IS\", WITHOUT WARRANTY OF ANY KIND,\nEXPRESS OR IMPLIED, INCLUDING BUT NOT LIMITED TO THE WARRANTIES OF\nMERCHANTABILITY, FITNESS FOR A PARTICULAR PURPOSE AND\nNONINFRINGEMENT. IN NO EVENT SHALL THE AUTHORS OR COPYRIGHT HOLDERS BE\nLIABLE FOR ANY CLAIM, DAMAGES OR OTHER LIABILITY, WHETHER IN AN ACTION\nOF CONTRACT, TORT OR OTHERWISE, ARISING FROM, OUT OF OR IN CONNECTION\nWITH THE SOFTWARE OR THE USE OR OTHER DEALINGS IN THE SOFTWARE.\n"
  },
  "artifacts": [],
  "remote": {
    "resolved": "https://registry.yarnpkg.com/lodash._baseindexof/-/lodash._baseindexof-3.1.0.tgz#fe52b53a1c6761e42618d654e4a25789ed61822c",
    "type": "tarball",
    "reference": "https://registry.yarnpkg.com/lodash._baseindexof/-/lodash._baseindexof-3.1.0.tgz",
    "hash": "fe52b53a1c6761e42618d654e4a25789ed61822c",
    "registry": "npm",
    "packageName": "lodash._baseindexof"
  },
  "registry": "npm",
  "hash": "fe52b53a1c6761e42618d654e4a25789ed61822c"
}